Actual Flow Rate Ratio,Actual Weber No,Actual Capillary No,Predicted Flow Rate Ratio,Predicted Weber No,Predicted Capillary No
10.000000000000002,0.06075000000000008,0.0006200000000000649,11.477519989013672,0.07542240619659424,0.00033211708068847656
10.000000000000002,0.03037500000000004,0.00031000000000003247,11.493047714233398,0.031111717224121094,0.0002887248992919922
10.000000000000002,0.0202500000000001,0.00020666700000004923,13.11356258392334,0.0032483339309692383,0.00021636486053466797
10.000000000000002,0.01518749999999991,0.00015499999999990521,13.181526184082031,-0.013026714324951172,0.000202178955078125
10.000000000000002,0.012150000000000105,0.000124000000000013,11.452197074890137,-0.009487807750701904,0.00024247169494628906
10.000000000000002,0.01012499999999994,0.00010333299999998324,10.6048583984375,-0.0068398118019104,0.0002639293670654297
10.000000000000002,0.008678570000000052,8.859999999999424e-05,11.377885818481445,-0.021404922008514404,0.00023436546325683594
10.000000000000002,0.007593750000000066,7.749999999995261e-05,10.783126831054688,-0.00802755355834961,0.0002523660659790039
10.000000000000002,0.006750000000000034,6.890000000003837e-05,11.503997802734375,-0.013192892074584961,0.00023114681243896484
10.000000000000002,0.006075000000000053,6.20000000000065e-05,11.541913032531738,-0.007696628570556641,0.0002294778823852539
5.0,0.04800000000000004,0.0012399999999999078,4.002871036529541,0.5247163772583008,0.0015261173248291016
5.0,0.02400000000000002,0.0006200000000000649,4.809940814971924,0.04436135292053223,0.0005463361740112305
5.0,0.016000000000000014,0.0004133330000000157,5.188833713531494,0.015155196189880371,0.0004311800003051758
5.0,0.01200000000000001,0.00031000000000003247,4.815174102783203,0.006869196891784668,0.0004329681396484375
5.0,0.009600000000000053,0.000248000000000026,4.8845624923706055,-0.007445335388183594,0.0003834962844848633
5.0,0.008000000000000007,0.00020666700000004923,4.755218982696533,-0.012148022651672363,0.00037860870361328125
5.0,0.006857139999999928,0.0001771429999999352,4.763987064361572,-0.014793992042541504,0.0003695487976074219
5.0,0.006000000000000005,0.00015499999999990521,4.749525547027588,-0.021298468112945557,0.0003516674041748047
5.0,0.005333330000000025,0.00013777800000003282,4.716171741485596,-0.023037493228912354,0.00034987926483154297
5.0,0.0047999999999999154,0.000124000000000013,4.830179691314697,-0.02411574125289917,0.00033843517303466797
3.33333,0.03675000000000006,0.0018599999999999728,4.008579254150391,0.0629044771194458,0.0020569562911987305
3.33333,0.01837500000000003,0.0009300000000000974,3.9055094718933105,0.056693077087402344,0.0007842779159545898
3.33333,0.012250000000000094,0.0006200000000000649,4.005842685699463,0.00021636486053466797,0.00047791004180908203
3.33333,0.009187499999999904,0.0004649999999999377,4.0637335777282715,-0.007020294666290283,0.00045037269592285156
3.33333,0.007349999999999968,0.00037200000000003897,4.523695945739746,-0.02169644832611084,0.0003685951232910156
3.33333,0.006124999999999936,0.00031000000000003247,4.633764266967773,-0.030120849609375,0.00033855438232421875
3.33333,0.005249999999999977,0.00026571399999997247,4.483000755310059,-0.03418081998825073,0.0003402233123779297
3.33333,0.004593749999999952,0.00023250000000007987,4.281254768371582,-0.03434610366821289,0.00035643577575683594
3.33333,0.004083330000000052,0.00020666700000004923,4.159624099731445,-0.033903419971466064,0.0003679990768432617
3.33333,0.003675000000000095,0.00018600000000001948,4.110531330108643,-0.03283423185348511,0.0003750324249267578
2.5,0.026999999999999913,0.0024800000000000377,3.40653133392334,0.049447059631347656,0.002519845962524414
2.5,0.013500000000000068,0.0012399999999999078,3.2788190841674805,0.06301772594451904,0.001376509666442871
2.5,0.008999999999999897,0.0008266669999998921,2.50144362449646,0.019692420959472656,0.0007755756378173828
2.5,0.006750000000000034,0.0006200000000000649,2.3864152431488037,0.017564892768859863,0.0007696151733398438
2.5,0.005400000000000071,0.000496000000000052,2.410278081893921,0.002887725830078125,0.0006794929504394531
2.5,0.0044999999999999485,0.0004133330000000157,2.3164761066436768,0.0007666349411010742,0.0006722211837768555
2.5,0.0038571400000000367,0.00035428600000009247,2.4053943157196045,-0.003423333168029785,0.0006411075592041016
2.5,0.003374999999999906,0.00031000000000003247,2.472493886947632,-0.006182432174682617,0.0006202459335327148
2.5,0.0029999999999998916,0.00027555600000006564,2.3482422828674316,-0.0035827159881591797,0.0006455183029174805
2.5,0.0026999999999999247,0.000248000000000026,2.360229969024658,-0.0016377568244934082,0.0006548166275024414
2.0000000000000004,0.018750000000000044,0.0031000000000001027,1.5999171733856201,0.015512824058532715,0.002936244010925293
2.0000000000000004,0.009374999999999911,0.0015499999999999403,1.9749250411987305,-0.006840169429779053,0.0015604496002197266
2.0000000000000004,0.006250000000000089,0.0010333300000000545,2.221569538116455,-0.0011369585990905762,0.0013254880905151367
2.0000000000000004,0.004687499999999956,0.0007749999999999702,1.8683860301971436,0.0048427581787109375,0.0007488727569580078
2.0000000000000004,0.00374999999999992,0.0006200000000000649,1.8192851543426514,0.0032765865325927734,0.0007477998733520508
2.0000000000000004,0.0031250000000000444,0.0005166670000000817,1.8103129863739014,0.0029877424240112305,0.0007475614547729492
2.0000000000000004,0.0026785700000000467,0.0004428569999999077,1.8073787689208984,0.00289309024810791,0.0007474422454833984
2.0000000000000004,0.002343750000000089,0.0003874999999999851,1.7942962646484375,0.0024700164794921875,0.0007470846176147461
2.0000000000000004,0.00208333000000005,0.0003444439999999993,1.7358465194702148,0.0005574226379394531,0.0007457733154296875
2.0000000000000004,0.001875000000000071,0.00031000000000003247,1.738461971282959,0.0006437301635742188,0.0007457733154296875
1.6666700000000003,0.01200000000000001,0.0037199999999999456,1.293851613998413,0.0018922090530395508,0.0036181211471557617
1.6666700000000003,0.006000000000000005,0.0018599999999999728,1.4510219097137451,-0.01975804567337036,0.0023103952407836914
1.6666700000000003,0.0040000000000000036,0.0012399999999999078,1.7690365314483643,-0.024209320545196533,0.0014301538467407227
1.6666700000000003,0.0029999999999998916,0.0009300000000000974,2.0025572776794434,0.00900125503540039,0.0007517337799072266
1.6666700000000003,0.0023999999999999577,0.0007440000000000779,1.8666045665740967,0.004786372184753418,0.000748753547668457
1.6666700000000003,0.0020000000000000018,0.0006200000000000649,1.8145942687988281,0.0031256675720214844,0.0007475614547729492
1.6666700000000003,0.0017142900000000072,0.0005314290000000277,1.7685308456420898,0.0016314983367919922,0.000746607780456543
1.6666700000000003,0.0015000000000000568,0.0004649999999999377,1.74253249168396,0.0007779598236083984,0.0007460117340087891
1.6666700000000003,0.0013333300000000214,0.0004133330000000157,1.711031436920166,-0.00026595592498779297,0.0007451772689819336
1.6666700000000003,0.0012000000000000899,0.00037200000000003897,1.7269737720489502,0.0002638101577758789,0.0007456541061401367
1.4285699999999997,0.006750000000000034,0.0043400000000000105,1.1816885471343994,0.015545845031738281,0.0037784576416015625
1.4285699999999997,0.003374999999999906,0.0021700000000000053,1.1809940338134766,-0.02837616205215454,0.002471327781677246
1.4285699999999997,0.0022500000000000853,0.0014466699999999832,1.4447312355041504,-0.031941354274749756,0.0017139911651611328
1.4285699999999997,0.001687500000000064,0.0010850000000000026,2.111039876937866,-0.012042224407196045,0.0013399124145507812
1.4285699999999997,0.0013499999999999623,0.0008680000000000909,1.7931053638458252,0.0024313926696777344,0.0007470846176147461
1.4285699999999997,0.0011250000000000426,0.0007233330000000482,1.7544350624084473,0.0011695623397827148,0.0007462501525878906
1.4285699999999997,0.0009642860000000919,0.0006200000000000649,1.6857964992523193,-0.001110076904296875,0.0007445812225341797
1.4285699999999997,0.000843750000000032,0.0005424999999998903,1.648512601852417,-0.0023709535598754883,0.0007436275482177734
1.4285699999999997,0.0007500000000000284,0.0004822220000000321,1.622678279876709,-0.0032539963722229004,0.0007431507110595703
1.4285699999999997,0.0006749999999999812,0.00043400000000004546,1.621107816696167,-0.0033078789710998535,0.0007430315017700195
1.25,0.0029999999999998916,0.0049600000000000755,1.2625007629394531,0.01878511905670166,0.003865361213684082
1.25,0.0015000000000000568,0.0024800000000000377,1.140185832977295,-0.03565090894699097,0.0024210214614868164
1.25,0.0009999999999998899,0.0016533299999998974,1.2686305046081543,-0.043328166007995605,0.0017718076705932617
1.25,0.0007500000000000284,0.0012399999999999078,1.8376545906066895,-0.020928621292114258,0.0013821125030517578
1.25,0.0005999999999999339,0.000992000000000104,2.00105619430542,-0.019901752471923828,0.0013670921325683594
1.25,0.0004999999999999449,0.0008266669999998921,1.7591009140014648,0.0013227462768554688,0.0007462501525878906
1.25,0.0004285710000000442,0.0007085710000001022,1.6154274940490723,-0.003503143787384033,0.0007429122924804688
1.25,0.0003750000000000142,0.0006200000000000649,1.553788185119629,-0.005647897720336914,0.0007413625717163086
1.25,0.0003333329999999357,0.0005511110000000485,1.56778883934021,-0.0051566362380981445,0.0007417201995849609
1.25,0.00029999999999996696,0.000496000000000052,1.596581220626831,-0.0041539669036865234,0.0007424354553222656
1.11111,0.0007500000000000284,0.005579999999999918,1.4716854095458984,0.0360713005065918,0.004633545875549316
1.11111,0.0003750000000000142,0.00279000000000007,1.000976800918579,-0.04093527793884277,0.002373337745666504
1.11111,0.0002500000000000835,0.0018599999999999728,1.0596954822540283,-0.07464849948883057,0.0016502141952514648
1.11111,0.0001875000000000071,0.001395000000000035,1.563272476196289,-0.022311747074127197,0.001369476318359375
1.11111,0.0001500000000000945,0.0011159999999998949,1.6235876083374023,-0.01709669828414917,0.0013512372970581055
1.11111,0.00012499999999993072,0.0009300000000000974,1.6921989917755127,-0.02719980478286743,0.0013895034790039062
1.11111,0.00010714299999992072,0.0007971430000000002,1.5502915382385254,-0.00577092170715332,0.0007413625717163086
1.11111,9.379999999992172e-05,0.0006975000000000176,1.3518218994140625,-0.013021409511566162,0.0007361173629760742
1.11111,8.330000000000837e-05,0.0006200000000000649,1.311049222946167,-0.014579474925994873,0.0007349252700805664
1.11111,7.500000000004725e-05,0.0005580000000000584,1.2922229766845703,-0.015307366847991943,0.0007344484329223633
1.0,0.0,0.006199999999999983,1.3707845211029053,0.013730883598327637,0.004351139068603516
1.0,0.0,0.0031000000000001027,0.9562925100326538,-0.03513568639755249,0.0026209354400634766
1.0,0.0,0.002066670000000048,0.9170068502426147,-0.07153451442718506,0.001646280288696289
1.0,0.0,0.0015499999999999403,1.2807056903839111,-0.02618926763534546,0.0014009475708007812
1.0,0.0,0.0012399999999999078,1.4253265857696533,-0.01660984754562378,0.0013464689254760742
1.0,0.0,0.0010333300000000545,1.3985233306884766,-0.033455610275268555,0.001408219337463379
1.0,0.0,0.0008857140000000374,1.3918919563293457,-0.04419541358947754,0.0014483928680419922
1.0,0.0,0.0007749999999999702,1.4770452976226807,0.0009658336639404297,0.0008965730667114258
1.0,0.0,0.0006888890000000814,1.3024086952209473,-0.010845720767974854,0.0008414983749389648
1.0,0.0,0.0006200000000000649,1.3423857688903809,-0.01041346788406372,0.0008137226104736328
19.99999999999999,0.27075000000000005,0.0006200000000000649,16.70392608642578,0.26570069789886475,0.00042808055877685547
19.99999999999999,0.13537500000000002,0.00031000000000003247,29.726306915283203,0.15002644062042236,0.00024366378784179688
19.99999999999999,0.09024999999999994,0.00020666700000004923,20.407548904418945,0.07063627243041992,0.0001550912857055664
19.99999999999999,0.0676874999999999,0.00015499999999990521,18.92416000366211,0.06260883808135986,0.00017249584197998047
19.99999999999999,0.05414999999999992,0.000124000000000013,23.51572036743164,0.04063832759857178,0.00010085105895996094
19.99999999999999,0.04512500000000008,0.00010333299999998324,19.155637741088867,0.023250818252563477,0.00013959407806396484
19.99999999999999,0.038678599999999896,8.859999999999424e-05,22.422510147094727,0.023826241493225098,0.00010120868682861328
19.99999999999999,0.03384380000000009,7.749999999995261e-05,18.257917404174805,-0.0010991096496582031,0.00013518333435058594
19.99999999999999,0.030083300000000035,6.890000000003837e-05,18.637718200683594,0.013918399810791016,0.00013947486877441406
19.99999999999999,0.02707499999999996,6.20000000000065e-05,14.949953079223633,-0.008848726749420166,0.00017321109771728516
10.000000000000002,0.24299999999999988,0.0012399999999999078,10.27147388458252,0.2702791690826416,0.0010203123092651367
10.000000000000002,0.12149999999999994,0.0006200000000000649,9.864928245544434,0.12590909004211426,0.00043976306915283203
10.000000000000002,0.08099999999999996,0.0004133330000000157,9.80966567993164,0.10222113132476807,0.0003933906555175781
10.000000000000002,0.06075000000000008,0.00031000000000003247,9.811412811279297,0.07660257816314697,0.00034117698669433594
10.000000000000002,0.04859999999999998,0.000248000000000026,10.230060577392578,0.08312118053436279,0.0003587007522583008
10.000000000000002,0.04049999999999998,0.00020666700000004923,10.247032165527344,0.05009722709655762,0.00034296512603759766
10.000000000000002,0.03471430000000009,0.0001771429999999352,10.492881774902344,0.031405091285705566,0.00032150745391845703
10.000000000000002,0.03037500000000004,0.00015499999999990521,11.100946426391602,0.026505708694458008,0.00029850006103515625
10.000000000000002,0.026999999999999913,0.00013777800000003282,10.812231063842773,0.01759648323059082,0.00031769275665283203
10.000000000000002,0.02429999999999999,0.000124000000000013,10.612245559692383,0.019783735275268555,0.00032639503479003906
6.66667,0.21675,0.0018599999999999728,8.126909255981445,1.4597530364990234,0.0032619237899780273
6.66667,0.10837500000000011,0.0009300000000000974,7.107935905456543,0.12933027744293213,0.0006345510482788086
6.66667,0.07224999999999993,0.0006200000000000649,6.665918827056885,0.0510256290435791,0.0004558563232421875
6.66667,0.054187500000000055,0.0004649999999999377,7.750995635986328,0.043831706047058105,0.00043082237243652344
6.66667,0.04335,0.00037200000000003897,6.789546966552734,0.035501718521118164,0.0004143714904785156
6.66667,0.03612499999999996,0.00031000000000003247,7.4906463623046875,0.03743636608123779,0.00041556358337402344
6.66667,0.030964299999999945,0.00026571399999997247,8.031476020812988,0.03359842300415039,0.00040280818939208984
6.66667,0.027093800000000057,0.00023250000000007987,7.581843376159668,0.02980518341064453,0.00039505958557128906
6.66667,0.02408330000000003,0.00020666700000004923,7.134530067443848,0.025882244110107422,0.0003871917724609375
6.66667,0.02167500000000011,0.00018600000000001948,7.375724792480469,0.030216217041015625,0.0003972053527832031
5.0,0.19199999999999995,0.0024800000000000377,4.750790119171143,0.17644727230072021,0.0022929906845092773
5.0,0.09600000000000009,0.0012399999999999078,4.328588962554932,0.05829179286956787,0.0013208389282226562
5.0,0.06400000000000006,0.0008266669999998921,4.386759281158447,0.058801889419555664,0.0006413459777832031
5.0,0.04800000000000004,0.0006200000000000649,4.385115146636963,0.03429245948791504,0.0005494356155395508
5.0,0.03839999999999999,0.000496000000000052,4.344714641571045,0.030425310134887695,0.0005412101745605469
5.0,0.03200000000000003,0.0004133330000000157,4.430935382843018,0.026510238647460938,0.0005224943161010742
5.0,0.027428599999999914,0.00035428600000009247,4.455312728881836,0.02101719379425049,0.0005040168762207031
5.0,0.02400000000000002,0.00031000000000003247,4.59390926361084,0.014162302017211914,0.0004723072052001953
5.0,0.0213333,0.00027555600000006564,4.51938533782959,0.01937425136566162,0.0004940032958984375
5.0,0.019200000000000106,0.000248000000000026,4.943491458892822,0.009780287742614746,0.0004323720932006836
3.999999999999999,0.16874999999999996,0.0031000000000001027,3.5220770835876465,0.11301732063293457,0.0030655860900878906
3.999999999999999,0.08437500000000009,0.0015499999999999403,4.056827545166016,0.0404132604598999,0.0013533830642700195
3.999999999999999,0.05624999999999991,0.0010333300000000545,3.779113292694092,0.03900265693664551,0.0013288259506225586
3.999999999999999,0.042187500000000044,0.0007749999999999702,4.324258804321289,0.0717620849609375,0.0007222890853881836
3.999999999999999,0.03374999999999995,0.0006200000000000649,3.947927474975586,0.03769803047180176,0.0006028413772583008
3.999999999999999,0.028124999999999956,0.0005166670000000817,3.5426340103149414,0.02894759178161621,0.0006227493286132812
3.999999999999999,0.024107099999999937,0.0004428569999999077,3.841259479522705,0.020296573638916016,0.0005537271499633789
3.999999999999999,0.02109380000000005,0.0003874999999999851,3.8742337226867676,0.01960885524749756,0.0005488395690917969
3.999999999999999,0.018750000000000044,0.0003444439999999993,4.223675727844238,0.0032683610916137695,0.0004687309265136719
3.999999999999999,0.016874999999999973,0.00031000000000003247,4.210453510284424,0.0009145736694335938,0.00046253204345703125
3.33333,0.14700000000000002,0.0037199999999999456,3.035862445831299,0.1418759822845459,0.0034825801849365234
3.33333,0.0734999999999999,0.0018599999999999728,3.778616428375244,0.08117127418518066,0.0020607709884643555
3.33333,0.04899999999999993,0.0012399999999999078,3.9379143714904785,0.0791555643081665,0.0013976097106933594
3.33333,0.03675000000000006,0.0009300000000000974,3.247300148010254,0.05227243900299072,0.0008498430252075195
3.33333,0.029400000000000093,0.0007440000000000779,3.372624397277832,0.034734249114990234,0.0006651878356933594
3.33333,0.024499999999999966,0.0006200000000000649,3.239974021911621,0.020218253135681152,0.0006310939788818359
3.33333,0.020999999999999908,0.0005314290000000277,3.2194466590881348,0.015337705612182617,0.000613093376159668
3.33333,0.01837500000000003,0.0004649999999999377,3.2191286087036133,0.013872861862182617,0.0006067752838134766
3.33333,0.016333300000000106,0.0004133330000000157,3.3260598182678223,0.01232767105102539,0.0005831718444824219
3.33333,0.014699999999999935,0.00037200000000003897,3.208098888397217,0.007307529449462891,0.0005797147750854492
2.8571400000000002,0.12674999999999992,0.0043400000000000105,2.8957221508026123,0.13551104068756104,0.003915309906005859
2.8571400000000002,0.06337499999999996,0.0021700000000000053,3.5067429542541504,0.08344316482543945,0.0023505687713623047
2.8571400000000002,0.0422499999999999,0.0014466699999999832,3.4550976753234863,0.026056289672851562,0.0013363361358642578
2.8571400000000002,0.03168750000000009,0.0010850000000000026,3.1857662200927734,0.016003727912902832,0.0013390779495239258
2.8571400000000002,0.025349999999999984,0.0008680000000000909,2.8602547645568848,0.03594088554382324,0.0008785724639892578
2.8571400000000002,0.02112500000000006,0.0007233330000000482,3.086092472076416,0.035170912742614746,0.0007628202438354492
2.8571400000000002,0.01810709999999993,0.0006200000000000649,2.508526563644409,0.0198214054107666,0.0007758140563964844
2.8571400000000002,0.015843800000000074,0.0005424999999998903,2.5208351612091064,0.01609337329864502,0.0007528066635131836
2.8571400000000002,0.01408330000000002,0.0004822220000000321,2.56855845451355,0.012527108192443848,0.0007287263870239258
2.8571400000000002,0.012674999999999992,0.00043400000000004546,2.7858965396881104,0.0074615478515625,0.0006322860717773438
2.5,0.1080000000000001,0.0049600000000000755,2.4154229164123535,0.1344395875930786,0.004487276077270508
2.5,0.05400000000000005,0.0024800000000000377,2.6282706260681152,0.10084819793701172,0.0027102231979370117
2.5,0.03600000000000003,0.0016533299999998974,3.0575623512268066,0.055075645446777344,0.0016363859176635742
2.5,0.026999999999999913,0.0012399999999999078,2.919105291366577,0.008487820625305176,0.0013316869735717773
2.5,0.021600000000000064,0.000992000000000104,2.7956531047821045,0.005457043647766113,0.0013259649276733398
2.5,0.018000000000000016,0.0008266669999998921,2.801316738128662,0.028307795524597168,0.0007969141006469727
2.5,0.015428599999999904,0.0007085710000001022,2.8172929286956787,0.029177427291870117,0.0007984638214111328
2.5,0.013500000000000068,0.0006200000000000649,2.8426034450531006,0.024396061897277832,0.0007492303848266602
2.5,0.01200000000000001,0.0005511110000000485,2.724548101425171,0.02408897876739502,0.0007892847061157227
2.5,0.01079999999999992,0.000496000000000052,2.6977827548980713,0.023166894912719727,0.0007860660552978516
2.22222,0.09074999999999989,0.005579999999999918,2.0812902450561523,0.1167593002319336,0.0047615766525268555
2.22222,0.04537499999999994,0.00279000000000007,2.472738027572632,0.12144196033477783,0.0034455060958862305
2.22222,0.03025000000000011,0.0018599999999999728,2.581782817840576,0.09592795372009277,0.0021479129791259766
2.22222,0.02268749999999997,0.001395000000000035,2.6360108852386475,0.015283465385437012,0.0012917518615722656
2.22222,0.01814999999999989,0.0011159999999998949,2.441471576690674,-0.00015687942504882812,0.0013006925582885742
2.22222,0.015125000000000055,0.0009300000000000974,2.6300208568573,0.02337026596069336,0.0008209943771362305
2.22222,0.012964299999999929,0.0007971430000000002,2.647280693054199,0.02229773998260498,0.0007828474044799805
2.22222,0.011343799999999904,0.0006975000000000176,2.611619234085083,0.021669745445251465,0.0007810592651367188
2.22222,0.010083300000000017,0.0006200000000000649,2.575943946838379,0.02103579044342041,0.000779271125793457
2.22222,0.009074999999999944,0.0005580000000000584,2.5405566692352295,0.0204010009765625,0.0007774829864501953
2.0000000000000004,0.07499999999999996,0.006199999999999983,1.9533324241638184,0.12410986423492432,0.005066990852355957
2.0000000000000004,0.03750000000000009,0.0031000000000001027,1.9664149284362793,0.08848011493682861,0.0035475492477416992
2.0000000000000004,0.02499999999999991,0.002066670000000048,2.0955376625061035,0.09127199649810791,0.0026105642318725586
2.0000000000000004,0.018750000000000044,0.0015499999999999403,2.3299942016601562,0.011322498321533203,0.0013742446899414062
2.0000000000000004,0.014999999999999902,0.0012399999999999078,2.2947163581848145,0.002817511558532715,0.0012881755828857422
2.0000000000000004,0.012499999999999956,0.0010333300000000545,2.346487045288086,-6.443262100219727e-05,0.001299142837524414
2.0000000000000004,0.010714300000000065,0.0008857140000000374,2.324821710586548,0.016397476196289062,0.0007662773132324219
2.0000000000000004,0.009374999999999911,0.0007749999999999702,2.3002915382385254,0.01592695713043213,0.0007648468017578125
2.0000000000000004,0.008333329999999917,0.0006888890000000814,2.3055596351623535,0.016028404235839844,0.0007652044296264648
2.0000000000000004,0.007500000000000062,0.0006200000000000649,2.2668049335479736,0.015279293060302734,0.0007630586624145508
30.0,0.6307499999999999,0.0006200000000000649,37.148155212402344,0.7370713949203491,0.0004924535751342773
30.0,0.31537499999999996,0.00031000000000003247,31.102203369140625,0.31218087673187256,0.0003038644790649414
30.0,0.21025000000000005,0.00020666700000004923,29.580331802368164,0.20368993282318115,0.0002319812774658203
30.0,0.15768800000000005,0.00015499999999990521,29.00580406188965,0.15124595165252686,0.00020301342010498047
30.0,0.12614999999999998,0.000124000000000013,30.033550262451172,0.09367060661315918,9.512901306152344e-05
30.0,0.10512499999999991,0.00010333299999998324,31.045921325683594,0.1089479923248291,0.0001176595687866211
30.0,0.0901071,8.859999999999424e-05,28.673049926757812,0.09405314922332764,0.00012421607971191406
30.0,0.07884380000000002,7.749999999995261e-05,28.52294158935547,0.06860005855560303,5.936622619628906e-05
30.0,0.07008330000000007,6.890000000003837e-05,32.121578216552734,0.08127021789550781,3.62396240234375e-05
30.0,0.06307499999999999,6.20000000000065e-05,18.3593807220459,0.006047725677490234,0.00013339519500732422
14.999999999999998,0.5880000000000001,0.0012399999999999078,20.073312759399414,0.6721401214599609,0.0005831718444824219
14.999999999999998,0.29400000000000004,0.0006200000000000649,13.760115623474121,0.27339470386505127,0.00046432018280029297
14.999999999999998,0.19599999999999995,0.0004133330000000157,15.592172622680664,0.2038886547088623,0.0002714395523071289
14.999999999999998,0.14700000000000002,0.00031000000000003247,15.087602615356445,0.13716351985931396,0.00022470951080322266
14.999999999999998,0.11759999999999993,0.000248000000000026,14.003016471862793,0.15072786808013916,0.0003008842468261719
14.999999999999998,0.09800000000000009,0.00020666700000004923,12.694596290588379,0.11239135265350342,0.00035190582275390625
14.999999999999998,0.08400000000000007,0.0001771429999999352,13.191408157348633,0.09140968322753906,0.0002726316452026367
14.999999999999998,0.0734999999999999,0.00015499999999990521,13.499792098999023,0.05964255332946777,0.00024688243865966797
14.999999999999998,0.06533330000000004,0.00013777800000003282,13.9706392288208,0.04939472675323486,0.00023257732391357422
14.999999999999998,0.05879999999999996,0.000124000000000013,14.776201248168945,0.04227566719055176,0.00021159648895263672
10.000000000000002,0.5467499999999998,0.0018599999999999728,10.190731048583984,0.46501612663269043,0.0015941858291625977
10.000000000000002,0.2733749999999999,0.0009300000000000974,11.495713233947754,0.3826100826263428,0.000529170036315918
10.000000000000002,0.18225000000000002,0.0006200000000000649,10.317018508911133,0.19488096237182617,0.0005049705505371094
10.000000000000002,0.13668799999999992,0.0004649999999999377,10.692790031433105,0.13148987293243408,0.0003712177276611328
10.000000000000002,0.10935000000000006,0.00037200000000003897,10.89182186126709,0.09585165977478027,0.0003603696823120117
10.000000000000002,0.0911249999999999,0.00031000000000003247,11.00416088104248,0.0796128511428833,0.0003581047058105469
10.000000000000002,0.07810709999999998,0.00026571399999997247,9.906475067138672,0.06562614440917969,0.00036156177520751953
10.000000000000002,0.06834380000000007,0.00023250000000007987,10.484359741210938,0.07343935966491699,0.00032067298889160156
10.000000000000002,0.06075000000000008,0.00020666700000004923,10.639436721801758,0.058036208152770996,0.00030493736267089844
10.000000000000002,0.05467500000000003,0.00018600000000001948,11.011432647705078,0.035378336906433105,0.00029909610748291016
7.5,0.5070000000000001,0.0024800000000000377,8.269952774047852,0.7113339900970459,0.003081083297729492
7.5,0.25350000000000006,0.0012399999999999078,7.438037872314453,0.24934792518615723,0.0012316703796386719
7.5,0.16900000000000004,0.0008266669999998921,7.134079933166504,0.18485808372497559,0.0007214546203613281
7.5,0.12674999999999992,0.0006200000000000649,8.274703025817871,0.16579651832580566,0.0006048679351806641
7.5,0.10139999999999993,0.000496000000000052,7.661459922790527,0.10133707523345947,0.0005191564559936523
7.5,0.08450000000000002,0.0004133330000000157,7.196894645690918,0.06908249855041504,0.0004987716674804688
7.5,0.07242860000000007,0.00035428600000009247,7.207805633544922,0.08795392513275146,0.0005263090133666992
7.5,0.06337499999999996,0.00031000000000003247,7.741320610046387,0.0774390697479248,0.0004981756210327148
7.5,0.05633329999999992,0.00027555600000006564,7.409207344055176,0.05836081504821777,0.00047016143798828125
7.5,0.05069999999999997,0.000248000000000026,7.487420082092285,0.053818464279174805,0.00045812129974365234
5.999999999999999,0.46875,0.0031000000000001027,7.112420082092285,0.5972604751586914,0.003683924674987793
5.999999999999999,0.234375,0.0015499999999999403,5.7255635261535645,0.3177725076675415,0.001540541648864746
5.999999999999999,0.15625,0.0010333300000000545,6.301478385925293,0.16763508319854736,0.0007916688919067383
5.999999999999999,0.11718800000000007,0.0007749999999999702,6.543574810028076,0.12906646728515625,0.0006375312805175781
5.999999999999999,0.09375,0.0006200000000000649,6.083725929260254,0.12616169452667236,0.0007405281066894531
5.999999999999999,0.078125,0.0005166670000000817,6.268965244293213,0.11084485054016113,0.000668644905090332
5.999999999999999,0.06696429999999998,0.0004428569999999077,6.599061012268066,0.08742177486419678,0.0005178451538085938
5.999999999999999,0.05859379999999992,0.0003874999999999851,6.461399555206299,0.059458255767822266,0.0004545450210571289
5.999999999999999,0.052083300000000055,0.0003444439999999993,6.663793563842773,0.04661881923675537,0.00041806697845458984
5.999999999999999,0.046875,0.00031000000000003247,6.476913928985596,0.042078614234924316,0.00041425228118896484
5.0,0.4319999999999997,0.0037199999999999456,5.331270694732666,0.49393975734710693,0.004097700119018555
5.0,0.21599999999999997,0.0018599999999999728,5.081587314605713,0.2136390209197998,0.001723647117614746
5.0,0.1439999999999999,0.0012399999999999078,4.501279354095459,0.10963022708892822,0.001378178596496582
5.0,0.1080000000000001,0.0009300000000000974,4.99077844619751,0.09219026565551758,0.0008202791213989258
5.0,0.08640000000000003,0.0007440000000000779,4.882672309875488,0.06945908069610596,0.0006642341613769531
5.0,0.07200000000000006,0.0006200000000000649,5.391304969787598,0.04605269432067871,0.0005066394805908203
5.0,0.0617143,0.0005314290000000277,5.294501304626465,0.03522443771362305,0.0004831552505493164
5.0,0.05400000000000005,0.0004649999999999377,5.369338512420654,0.02064502239227295,0.0004355907440185547
5.0,0.04800000000000004,0.0004133330000000157,5.043093204498291,0.006096243858337402,0.0004137754440307617
5.0,0.043199999999999905,0.00037200000000003897,4.927924156188965,0.000985860824584961,0.00040650367736816406
4.28571,0.39674999999999994,0.0043400000000000105,3.9710373878479004,0.33784019947052,0.004001617431640625
4.28571,0.19837499999999997,0.0021700000000000053,4.430413722991943,0.14660513401031494,0.0019341707229614258
4.28571,0.13224999999999998,0.0014466699999999832,4.148728370666504,0.09063553810119629,0.0013425350189208984
4.28571,0.09918749999999998,0.0010850000000000026,4.108337879180908,0.06605017185211182,0.0013180971145629883
4.28571,0.07935000000000003,0.0008680000000000909,4.105615139007568,0.06017887592315674,0.0012922286987304688
4.28571,0.06612499999999999,0.0007233330000000482,3.82625675201416,0.057598233222961426,0.0007239580154418945
4.28571,0.05667859999999991,0.0006200000000000649,4.270858287811279,0.05527627468109131,0.000639796257019043
4.28571,0.04959380000000002,0.0005424999999998903,4.30150032043457,0.052013516426086426,0.0006184577941894531
4.28571,0.04408330000000005,0.0004822220000000321,4.382940769195557,0.03946959972381592,0.0005650520324707031
4.28571,0.039674999999999905,0.00043400000000004546,4.354512691497803,0.0368802547454834,0.000559687614440918
3.75,0.363,0.0049600000000000755,3.744316577911377,0.26220202445983887,0.004654288291931152
3.75,0.1815,0.0024800000000000377,3.8366622924804688,0.1583341360092163,0.00237119197845459
3.75,0.121,0.0016533299999998974,3.994109630584717,0.09515929222106934,0.0013486146926879883
3.75,0.09074999999999989,0.0012399999999999078,3.900705337524414,0.06936657428741455,0.0013240575790405273
3.75,0.0726,0.000992000000000104,3.621230125427246,0.04570150375366211,0.001288771629333496
3.75,0.0605,0.0008266669999998921,3.6503214836120605,0.04769182205200195,0.0012853145599365234
3.75,0.0518571000000001,0.0007085710000001022,4.172525882720947,0.05103778839111328,0.0006774663925170898
3.75,0.04537499999999994,0.0006200000000000649,4.323748588562012,0.04147613048553467,0.0005759000778198242
3.75,0.040333299999999905,0.0005511110000000485,4.367781639099121,0.043672800064086914,0.0005788803100585938
3.75,0.0363,0.000496000000000052,4.335838794708252,0.04051637649536133,0.0005720853805541992
3.33333,0.3307500000000001,0.005579999999999918,3.421934127807617,0.252102255821228,0.0047310590744018555
3.33333,0.16537500000000005,0.00279000000000007,3.459291458129883,0.1854712963104248,0.0029414892196655273
3.33333,0.11024999999999996,0.0018599999999999728,3.956334114074707,0.1387624740600586,0.0016721487045288086
3.33333,0.08268750000000002,0.001395000000000035,3.8695244789123535,0.10474240779876709,0.001366257667541504
3.33333,0.06614999999999993,0.0011159999999998949,3.645202159881592,0.04328930377960205,0.0013272762298583984
3.33333,0.05512500000000009,0.0009300000000000974,3.5148534774780273,0.11691105365753174,0.0012500286102294922
3.33333,0.047250000000000014,0.0007971430000000002,4.081358432769775,0.037631869316101074,0.0005909204483032227
3.33333,0.04134379999999993,0.0006975000000000176,3.770615577697754,0.05517840385437012,0.0007505416870117188
3.33333,0.03675000000000006,0.0006200000000000649,3.5649614334106445,0.044907450675964355,0.0007244348526000977
3.33333,0.033074999999999966,0.0005580000000000584,3.3475441932678223,0.03779137134552002,0.0007035732269287109
3.0,0.30000000000000004,0.006199999999999983,3.2933154106140137,0.26288902759552,0.0053664445877075195
3.0,0.1499999999999999,0.0031000000000001027,3.2292580604553223,0.18390154838562012,0.0031203031539916992
3.0,0.10000000000000009,0.002066670000000048,3.5550994873046875,0.1553105115890503,0.002053499221801758
3.0,0.07499999999999996,0.0015499999999999403,3.794620990753174,0.1409224271774292,0.0013821125030517578
3.0,0.06000000000000005,0.0012399999999999078,3.5745081901550293,0.06159186363220215,0.0013530254364013672
3.0,0.050000000000000044,0.0010333300000000545,3.4823246002197266,0.03624260425567627,0.0013070106506347656
3.0,0.04285709999999998,0.0008857140000000374,2.9452102184295654,0.04656803607940674,0.000989675521850586
3.0,0.03750000000000009,0.0007749999999999702,2.9853835105895996,0.04055905342102051,0.000855565071105957
3.0,0.03333330000000001,0.0006888890000000814,2.893800735473633,0.03330123424530029,0.0008058547973632812
3.0,0.030000000000000027,0.0006200000000000649,2.8183321952819824,0.029233813285827637,0.0007987022399902344
39.999999999999986,1.1407500000000002,0.0006200000000000649,48.114532470703125,1.0718731880187988,0.00047528743743896484
39.999999999999986,0.5703749999999999,0.00031000000000003247,48.13637924194336,0.6126449108123779,0.00038993358612060547
39.999999999999986,0.38025,0.00020666700000004923,38.46769714355469,0.3690810203552246,0.0002493858337402344
39.999999999999986,0.2851870000000001,0.00015499999999990521,47.576683044433594,0.33605074882507324,0.00016760826110839844
39.999999999999986,0.22815000000000007,0.000124000000000013,66.95951843261719,0.30291688442230225,9.930133819580078e-05
39.999999999999986,0.1901250000000001,0.00010333299999998324,40.64927673339844,0.19722521305084229,0.00011610984802246094
39.999999999999986,0.1629640000000001,8.859999999999424e-05,50.47626495361328,0.17442893981933594,0.00010728836059570312
39.999999999999986,0.1425939999999999,7.749999999995261e-05,33.693931579589844,0.12492036819458008,7.331371307373047e-05
39.999999999999986,0.12674999999999992,6.890000000003837e-05,38.48696517944336,0.11711347103118896,8.606910705566406e-05
39.999999999999986,0.11407499999999993,6.20000000000065e-05,43.047950744628906,0.12197768688201904,7.56978988647461e-05
19.99999999999999,1.0830000000000002,0.0012399999999999078,20.543209075927734,1.2142744064331055,0.0009946823120117188
19.99999999999999,0.5415000000000001,0.0006200000000000649,20.939638137817383,0.5451778173446655,0.00042259693145751953
19.99999999999999,0.361,0.0004133330000000157,22.182077407836914,0.4132847785949707,0.00035119056701660156
19.99999999999999,0.27075000000000005,0.00031000000000003247,17.897018432617188,0.21272194385528564,0.00022280216217041016
19.99999999999999,0.2165999999999999,0.000248000000000026,20.785524368286133,0.21483337879180908,0.00021779537200927734
19.99999999999999,0.18049999999999988,0.00020666700000004923,18.0697078704834,0.14898681640625,0.00018990039825439453
19.99999999999999,0.15471400000000002,0.0001771429999999352,19.17376708984375,0.15939390659332275,0.00017595291137695312
19.99999999999999,0.13537500000000002,0.00015499999999990521,16.761734008789062,0.14110541343688965,0.00022673606872558594
19.99999999999999,0.12033300000000002,0.00013777800000003282,18.075246810913086,0.1314622163772583,0.00023865699768066406
19.99999999999999,0.10830000000000006,0.000124000000000013,19.914060592651367,0.1309906244277954,0.00018990039825439453
13.333300000000001,1.0267499999999998,0.0018599999999999728,12.472132682800293,1.0115833282470703,0.0017447471618652344
13.333300000000001,0.5133749999999999,0.0009300000000000974,14.173784255981445,0.4594687223434448,0.0006284713745117188
13.333300000000001,0.34224999999999994,0.0006200000000000649,12.611612319946289,0.3290168046951294,0.0004177093505859375
13.333300000000001,0.2566869999999999,0.0004649999999999377,13.028616905212402,0.21901953220367432,0.0003038644790649414
13.333300000000001,0.20534999999999992,0.00037200000000003897,13.407699584960938,0.26535487174987793,0.00032782554626464844
13.333300000000001,0.17112499999999997,0.00031000000000003247,14.1777925491333,0.20470011234283447,0.0002797842025756836
13.333300000000001,0.146679,0.00026571399999997247,12.77531909942627,0.10436677932739258,0.0002733469009399414
13.333300000000001,0.128344,0.00023250000000007987,12.629291534423828,0.1166919469833374,0.0002633333206176758
13.333300000000001,0.11408299999999993,0.00020666700000004923,14.422613143920898,0.08022165298461914,0.00021338462829589844
13.333300000000001,0.10267500000000007,0.00018600000000001948,14.566089630126953,0.08821713924407959,0.00020074844360351562
10.000000000000002,0.972,0.0024800000000000377,11.056758880615234,1.3684372901916504,0.0026161670684814453
10.000000000000002,0.486,0.0012399999999999078,9.2410888671875,0.4362090826034546,0.0010671615600585938
10.000000000000002,0.32400000000000007,0.0008266669999998921,9.73128890991211,0.3208094835281372,0.0007426738739013672
10.000000000000002,0.24299999999999988,0.0006200000000000649,11.819066047668457,0.26551830768585205,0.00047719478607177734
10.000000000000002,0.1943999999999999,0.000496000000000052,10.057108879089355,0.20447850227355957,0.0005511045455932617
10.000000000000002,0.16199999999999992,0.0004133330000000157,9.800925254821777,0.12673509120941162,0.00042641162872314453
10.000000000000002,0.138857,0.00035428600000009247,9.650893211364746,0.09496307373046875,0.0003832578659057617
10.000000000000002,0.12149999999999994,0.00031000000000003247,9.985565185546875,0.11168026924133301,0.00037300586700439453
10.000000000000002,0.1080000000000001,0.00027555600000006564,10.548419952392578,0.08347344398498535,0.00036847591400146484
10.000000000000002,0.09719999999999995,0.000248000000000026,10.715530395507812,0.07549571990966797,0.00037992000579833984
8.000000000000002,0.91875,0.0031000000000001027,8.81981372833252,1.1882176399230957,0.0035015344619750977
8.000000000000002,0.4593750000000001,0.0015499999999999403,8.098864555358887,0.5116767883300781,0.0013737678527832031
8.000000000000002,0.3062499999999999,0.0010333300000000545,8.156305313110352,0.2850005626678467,0.0007975101470947266
8.000000000000002,0.2296879999999999,0.0007749999999999702,7.476490020751953,0.15353035926818848,0.0006439685821533203
8.000000000000002,0.18375000000000008,0.0006200000000000649,8.443833351135254,0.15952205657958984,0.0005823373794555664
8.000000000000002,0.15312499999999996,0.0005166670000000817,7.929732322692871,0.13902831077575684,0.0005593299865722656
8.000000000000002,0.1312500000000001,0.0004428569999999077,7.824048042297363,0.1360762119293213,0.0005669593811035156
8.000000000000002,0.11484399999999995,0.0003874999999999851,8.29749584197998,0.1287860870361328,0.0005136728286743164
8.000000000000002,0.10208299999999992,0.0003444439999999993,9.174094200134277,0.10479474067687988,0.0004159212112426758
8.000000000000002,0.09187499999999993,0.00031000000000003247,8.143399238586426,0.09390091896057129,0.0004571676254272461
6.66667,0.867,0.0037199999999999456,6.8384246826171875,1.1863548755645752,0.004143238067626953
6.66667,0.4335,0.0018599999999999728,6.908533573150635,0.5549584627151489,0.0018684864044189453
6.66667,0.2889999999999999,0.0012399999999999078,7.166312217712402,0.3163498640060425,0.0010753870010375977
6.66667,0.21675,0.0009300000000000974,7.225645065307617,0.21513760089874268,0.0007679462432861328
6.66667,0.1734,0.0007440000000000779,6.742269992828369,0.12611603736877441,0.000621795654296875
6.66667,0.14450000000000007,0.0006200000000000649,6.222334861755371,0.14160239696502686,0.0007269382476806641
6.66667,0.1238570000000001,0.0005314290000000277,6.398093223571777,0.09977877140045166,0.0005905628204345703
6.66667,0.10837500000000011,0.0004649999999999377,6.255655765533447,0.06495988368988037,0.000512242317199707
6.66667,0.09633329999999996,0.0004133330000000157,5.998797416687012,0.06364500522613525,0.0005117654800415039
6.66667,0.0867,0.00037200000000003897,6.945277690887451,0.10675406455993652,0.0005667209625244141
5.71429,0.8167500000000001,0.0043400000000000105,5.977156639099121,1.1897165775299072,0.004995465278625488
5.71429,0.40837499999999993,0.0021700000000000053,6.398340225219727,0.5142711400985718,0.002477884292602539
5.71429,0.2722500000000001,0.0014466699999999832,5.114781856536865,0.260165810585022,0.001407623291015625
5.71429,0.20418800000000004,0.0010850000000000026,6.365135192871094,0.20859014987945557,0.0009192228317260742
5.71429,0.16334999999999988,0.0008680000000000909,6.2126030921936035,0.19079744815826416,0.0008562803268432617
5.71429,0.13612500000000005,0.0007233330000000482,6.9997735023498535,0.17097270488739014,0.0006821155548095703
5.71429,0.11667899999999998,0.0006200000000000649,7.043059349060059,0.1265016794204712,0.0005854368209838867
5.71429,0.10209399999999991,0.0005424999999998903,6.148415565490723,0.11918377876281738,0.0006170272827148438
5.71429,0.09074999999999989,0.0004822220000000321,6.587544918060303,0.12435054779052734,0.0006061792373657227
5.71429,0.08167499999999994,0.00043400000000004546,6.757512092590332,0.13289177417755127,0.0006176233291625977
5.0,0.768,0.0049600000000000755,5.067806720733643,0.7927157878875732,0.004892945289611816
5.0,0.3839999999999999,0.0024800000000000377,5.556220054626465,0.40220725536346436,0.002398371696472168
5.0,0.256,0.0016533299999998974,4.479536056518555,0.18144166469573975,0.0014327764511108398
5.0,0.19199999999999995,0.0012399999999999078,4.528980255126953,0.16345703601837158,0.0014183521270751953
5.0,0.15359999999999996,0.000992000000000104,4.507375240325928,0.13816297054290771,0.0013854503631591797
5.0,0.1280000000000001,0.0008266669999998921,5.725150108337402,0.1311548948287964,0.0008199214935302734
5.0,0.10971400000000009,0.0007085710000001022,5.742295742034912,0.10268151760101318,0.0007158517837524414
5.0,0.09600000000000009,0.0006200000000000649,5.735727310180664,0.08168303966522217,0.0006089210510253906
5.0,0.08533330000000006,0.0005511110000000485,6.160253047943115,0.0751720666885376,0.0005306005477905273
5.0,0.07679999999999998,0.000496000000000052,6.218193054199219,0.060634613037109375,0.00048673152923583984
4.44444,0.72075,0.005579999999999918,4.42500114440918,0.692162275314331,0.0055980682373046875
4.44444,0.3603749999999999,0.00279000000000007,4.238523483276367,0.31136536598205566,0.0030138492584228516
4.44444,0.24025000000000007,0.0018599999999999728,4.301347255706787,0.15839612483978271,0.0014244318008422852
4.44444,0.18018800000000001,0.001395000000000035,3.9900307655334473,0.1278362274169922,0.0013905763626098633
4.44444,0.14415,0.0011159999999998949,3.851767063140869,0.09339761734008789,0.0013592243194580078
4.44444,0.12012500000000004,0.0009300000000000974,3.816776752471924,0.08352172374725342,0.0013259649276733398
4.44444,0.10296400000000006,0.0007971430000000002,4.724431037902832,0.07646846771240234,0.0007488727569580078
4.44444,0.0900938,0.0006975000000000176,4.861876964569092,0.06229043006896973,0.0006380081176757812
4.44444,0.08008330000000008,0.0006200000000000649,4.864871025085449,0.05424165725708008,0.0005784034729003906
4.44444,0.07207499999999989,0.0005580000000000584,5.007110595703125,0.048624396324157715,0.0005419254302978516
3.999999999999999,0.675,0.006199999999999983,4.250387668609619,0.42571520805358887,0.005499839782714844
3.999999999999999,0.3374999999999999,0.0031000000000001027,4.11627197265625,0.26940393447875977,0.003216385841369629
3.999999999999999,0.2250000000000001,0.002066670000000048,4.475467681884766,0.20601630210876465,0.0018104314804077148
3.999999999999999,0.16874999999999996,0.0015499999999999403,4.190190315246582,0.14242100715637207,0.0013887882232666016
3.999999999999999,0.135,0.0012399999999999078,4.094087600708008,0.14080572128295898,0.0013816356658935547
3.999999999999999,0.11250000000000004,0.0010333300000000545,4.001885890960693,0.09913909435272217,0.0013583898544311523
3.999999999999999,0.09642860000000009,0.0008857140000000374,3.8804869651794434,0.09155809879302979,0.0013259649276733398
3.999999999999999,0.08437500000000009,0.0007749999999999702,4.274252891540527,0.07558131217956543,0.0008003711700439453
3.999999999999999,0.07499999999999996,0.0006888890000000814,3.9204554557800293,0.05415940284729004,0.0006835460662841797
3.999999999999999,0.0674999999999999,0.0006200000000000649,4.606287002563477,0.05016744136810303,0.0005789995193481445
49.99999999999997,1.8007499999999999,0.0006200000000000649,63.379234313964844,1.835167646408081,0.00047659873962402344
49.99999999999997,0.9003749999999999,0.00031000000000003247,56.35951614379883,0.9550117254257202,0.0003573894500732422
49.99999999999997,0.60025,0.00020666700000004923,55.3588981628418,0.6245057582855225,0.0003452301025390625
49.99999999999997,0.45018800000000003,0.00015499999999990521,49.79533386230469,0.427152156829834,0.00023496150970458984
49.99999999999997,0.36014999999999997,0.000124000000000013,70.21324920654297,0.42534327507019043,0.0001633167266845703
49.99999999999997,0.300125,0.00010333299999998324,69.10053253173828,0.32495713233947754,9.119510650634766e-05
49.99999999999997,0.25725,8.859999999999424e-05,66.13644409179688,0.26469504833221436,7.021427154541016e-05
49.99999999999997,0.2250939999999999,7.749999999995261e-05,62.98007583618164,0.22909557819366455,7.224082946777344e-05
49.99999999999997,0.200083,6.890000000003837e-05,54.57148361206055,0.17061054706573486,7.700920104980469e-05
49.99999999999997,0.18007499999999999,6.20000000000065e-05,56.69973373413086,0.18640244007110596,8.118152618408203e-05
25.000000000000004,1.7279999999999998,0.0012399999999999078,23.469850540161133,1.6503493785858154,0.001016378402709961
25.000000000000004,0.8639999999999999,0.0006200000000000649,36.383819580078125,1.047921895980835,0.00045502185821533203
25.000000000000004,0.5760000000000001,0.0004133330000000157,28.083425521850586,0.5281739234924316,0.0002663135528564453
25.000000000000004,0.4319999999999997,0.00031000000000003247,28.078969955444336,0.42138707637786865,0.00029218196868896484
25.000000000000004,0.34560000000000013,0.000248000000000026,24.645748138427734,0.3449164628982544,0.00021398067474365234
25.000000000000004,0.28800000000000003,0.00020666700000004923,23.51411247253418,0.2616457939147949,0.000186920166015625
25.000000000000004,0.24685699999999988,0.0001771429999999352,24.77696418762207,0.23196053504943848,0.00020074844360351562
25.000000000000004,0.21599999999999997,0.00015499999999990521,24.433752059936523,0.19981932640075684,0.00011992454528808594
25.000000000000004,0.19199999999999995,0.00013777800000003282,27.134645462036133,0.11112964153289795,3.695487976074219e-05
25.000000000000004,0.17280000000000006,0.000124000000000013,23.03849983215332,0.1435716152191162,0.000125885009765625
16.66669999999999,1.6567499999999993,0.0018599999999999728,15.733631134033203,1.9012610912322998,0.0016444921493530273
16.66669999999999,0.8283749999999999,0.0009300000000000974,17.6549129486084,0.7310750484466553,0.0006604194641113281
16.66669999999999,0.5522499999999999,0.0006200000000000649,14.862404823303223,0.467403769493103,0.0004885196685791016
16.66669999999999,0.414188,0.0004649999999999377,14.192984580993652,0.3374350070953369,0.0003230571746826172
16.66669999999999,0.33135000000000003,0.00037200000000003897,15.814580917358398,0.2993912696838379,0.0003058910369873047
16.66669999999999,0.27612499999999995,0.00031000000000003247,18.50601577758789,0.272436261177063,0.00020551681518554688
16.66669999999999,0.23667900000000008,0.00026571399999997247,16.412878036499023,0.29197144508361816,0.0003552436828613281
16.66669999999999,0.2070940000000001,0.00023250000000007987,17.299997329711914,0.1929100751876831,0.00012981891632080078
16.66669999999999,0.184083,0.00020666700000004923,16.119396209716797,0.18784832954406738,0.00017201900482177734
16.66669999999999,0.16567500000000002,0.00018600000000001948,15.038015365600586,0.119964599609375,0.0001729726791381836
12.5,1.5869999999999997,0.0024800000000000377,12.615838050842285,2.115335702896118,0.0025207996368408203
12.5,0.7934999999999999,0.0012399999999999078,13.187589645385742,0.81899094581604,0.0009740591049194336
12.5,0.5289999999999999,0.0008266669999998921,14.583657264709473,0.5053849220275879,0.0005192756652832031
12.5,0.39674999999999994,0.0006200000000000649,12.21280288696289,0.3834747076034546,0.0005077123641967773
12.5,0.3174000000000001,0.000496000000000052,13.319579124450684,0.2908748388290405,0.0004298686981201172
12.5,0.26449999999999996,0.0004133330000000157,12.81937313079834,0.2680964469909668,0.0003679990768432617
12.5,0.22671400000000008,0.00035428600000009247,13.834625244140625,0.2439812421798706,0.0002785921096801758
12.5,0.19837499999999997,0.00031000000000003247,12.31468391418457,0.21653509140014648,0.00033473968505859375
12.5,0.17633300000000007,0.00027555600000006564,10.856375694274902,0.19132649898529053,0.0003896951675415039
12.5,0.15870000000000006,0.000248000000000026,10.777581214904785,0.14322304725646973,0.0003743171691894531
10.000000000000002,1.5187499999999998,0.0031000000000001027,9.905130386352539,2.126142740249634,0.0032891035079956055
10.000000000000002,0.7593749999999999,0.0015499999999999403,10.142465591430664,0.7663753032684326,0.0012611150741577148
10.000000000000002,0.5062500000000001,0.0010333300000000545,10.709776878356934,0.5241692066192627,0.0008592605590820312
10.000000000000002,0.379688,0.0007749999999999702,10.680655479431152,0.4011805057525635,0.0006257295608520508
10.000000000000002,0.30374999999999996,0.0006200000000000649,10.40881633758545,0.27472102642059326,0.0005372762680053711
10.000000000000002,0.25312500000000004,0.0005166670000000817,10.43929386138916,0.20526742935180664,0.0005010366439819336
10.000000000000002,0.21696399999999993,0.0004428569999999077,10.077346801757812,0.18014311790466309,0.0004975795745849609
10.000000000000002,0.1898439999999999,0.0003874999999999851,9.895808219909668,0.13091397285461426,0.0004729032516479492
10.000000000000002,0.16874999999999996,0.0003444439999999993,9.000977516174316,0.14410161972045898,0.0004965066909790039
10.000000000000002,0.15187499999999998,0.00031000000000003247,9.34080982208252,0.12397122383117676,0.0004469156265258789
8.333329999999998,1.452,0.0037199999999999456,9.197972297668457,2.1995630264282227,0.004530549049377441
8.333329999999998,0.726,0.0018599999999999728,6.990804195404053,0.5937031507492065,0.0016107559204101562
8.333329999999998,0.484,0.0012399999999999078,9.57772159576416,0.4774070978164673,0.0009728670120239258
8.333329999999998,0.363,0.0009300000000000974,10.444607734680176,0.36939311027526855,0.0007566213607788086
8.333329999999998,0.2904,0.0007440000000000779,10.750466346740723,0.32960832118988037,0.0006822347640991211
8.333329999999998,0.242,0.0006200000000000649,9.4270658493042,0.22155606746673584,0.0005794763565063477
8.333329999999998,0.20742900000000009,0.0005314290000000277,9.365748405456543,0.17934703826904297,0.0005190372467041016
8.333329999999998,0.1815,0.0004649999999999377,9.443158149719238,0.19698071479797363,0.0005314350128173828
8.333329999999998,0.16133299999999995,0.0004133330000000157,8.722246170043945,0.172355055809021,0.0005272626876831055
8.333329999999998,0.1452,0.00037200000000003897,8.002534866333008,0.12943875789642334,0.000536799430847168
7.142859999999999,1.3867500000000006,0.0043400000000000105,8.060315132141113,1.86378812789917,0.0046585798263549805
7.142859999999999,0.6933750000000001,0.0021700000000000053,8.561294555664062,1.0153656005859375,0.0022088289260864258
7.142859999999999,0.46225000000000005,0.0014466699999999832,6.338139533996582,0.48234808444976807,0.0012587308883666992
7.142859999999999,0.3466879999999999,0.0010850000000000026,7.936738967895508,0.3592240810394287,0.0008399486541748047
7.142859999999999,0.27735,0.0008680000000000909,7.955660820007324,0.26755261421203613,0.0007812976837158203
7.142859999999999,0.23112500000000002,0.0007233330000000482,7.898869514465332,0.19045472145080566,0.0006767511367797852
7.142859999999999,0.19810700000000003,0.0006200000000000649,8.451776504516602,0.20687317848205566,0.0006909370422363281
7.142859999999999,0.17334399999999994,0.0005424999999998903,7.608443260192871,0.11393988132476807,0.0005359649658203125
7.142859999999999,0.15408299999999997,0.0004822220000000321,7.713658332824707,0.10919320583343506,0.000504612922668457
7.142859999999999,0.1386750000000001,0.00043400000000004546,8.060334205627441,0.09744715690612793,0.0004976987838745117
6.25,1.3230000000000004,0.0049600000000000755,6.435751914978027,1.5453078746795654,0.005082607269287109
6.25,0.6615,0.0024800000000000377,6.496634006500244,1.0055022239685059,0.0030837059020996094
6.25,0.44100000000000006,0.0016533299999998974,6.090068340301514,0.549355149269104,0.0017690658569335938
6.25,0.3307500000000001,0.0012399999999999078,5.30990743637085,0.3017629384994507,0.0011001825332641602
6.25,0.26459999999999995,0.000992000000000104,6.331055164337158,0.173911452293396,0.000774383544921875
6.25,0.22049999999999992,0.0008266669999998921,6.603142261505127,0.18180608749389648,0.0007097721099853516
6.25,0.18900000000000006,0.0007085710000001022,6.659158229827881,0.16286420822143555,0.0006976127624511719
6.25,0.16537500000000005,0.0006200000000000649,7.388250350952148,0.2166975736618042,0.0006830692291259766
6.25,0.14700000000000002,0.0005511110000000485,7.577527046203613,0.17249822616577148,0.0006005764007568359
6.25,0.13230000000000008,0.000496000000000052,6.793277263641357,0.12428319454193115,0.0006010532379150391
5.555560000000001,1.2607499999999998,0.005579999999999918,5.51046895980835,1.5108466148376465,0.005803108215332031
5.555560000000001,0.6303749999999999,0.00279000000000007,6.202054977416992,0.9660027027130127,0.003644227981567383
5.555560000000001,0.42025,0.0018599999999999728,5.651217937469482,0.41173088550567627,0.0017293691635131836
5.555560000000001,0.315188,0.001395000000000035,4.944711685180664,0.2648661136627197,0.0014497041702270508
5.555560000000001,0.2521499999999999,0.0011159999999998949,4.634366035461426,0.21822822093963623,0.0014210939407348633
5.555560000000001,0.21012500000000012,0.0009300000000000974,5.779231071472168,0.17681479454040527,0.0008890628814697266
5.555560000000001,0.18010700000000002,0.0007971430000000002,5.701676845550537,0.159745454788208,0.0007565021514892578
5.555560000000001,0.157594,0.0006975000000000176,6.098809242248535,0.11926138401031494,0.0006715059280395508
5.555560000000001,0.14008299999999996,0.0006200000000000649,5.825109004974365,0.08060276508331299,0.0005943775177001953
5.555560000000001,0.12607499999999994,0.0005580000000000584,6.066629886627197,0.07626783847808838,0.0005575418472290039
5.0,1.2000000000000002,0.006199999999999983,4.738703727722168,1.1248466968536377,0.006071925163269043
5.0,0.6000000000000001,0.0031000000000001027,5.8796305656433105,0.7364648580551147,0.004059314727783203
5.0,0.3999999999999999,0.002066670000000048,5.697860240936279,0.4797048568725586,0.0021431446075439453
5.0,0.30000000000000004,0.0015499999999999403,4.793371200561523,0.27106356620788574,0.001503586769104004
5.0,0.24,0.0012399999999999078,4.484837055206299,0.19895565509796143,0.0014249086380004883
5.0,0.19999999999999996,0.0010333300000000545,4.394200801849365,0.1564544439315796,0.001381516456604004
5.0,0.17142900000000005,0.0008857140000000374,5.396721363067627,0.13446617126464844,0.0008053779602050781
5.0,0.1499999999999999,0.0007749999999999702,5.462821960449219,0.13462674617767334,0.0006968975067138672
5.0,0.13333299999999992,0.0006888890000000814,5.541668891906738,0.10046446323394775,0.0006707906723022461
5.0,0.1200000000000001,0.0006200000000000649,4.85086727142334,0.09411811828613281,0.0008159875869750977
60.00000000000001,2.61075,0.0006200000000000649,67.08656311035156,2.757889747619629,0.0005428791046142578
60.00000000000001,1.30538,0.00031000000000003247,70.4726791381836,1.205705165863037,0.00034046173095703125
60.00000000000001,0.87025,0.00020666700000004923,64.7974853515625,0.8573813438415527,0.0003358125686645508
60.00000000000001,0.6526879999999999,0.00015499999999990521,63.78526306152344,0.6585028171539307,0.0002804994583129883
60.00000000000001,0.5221499999999999,0.000124000000000013,58.43199157714844,0.4710958003997803,0.00022327899932861328
60.00000000000001,0.435125,0.00010333299999998324,72.95707702636719,0.456609845161438,0.00017559528350830078
60.00000000000001,0.3729640000000001,8.859999999999424e-05,75.26097106933594,0.38134682178497314,0.0001081228256225586
60.00000000000001,0.32634399999999997,7.749999999995261e-05,67.82538604736328,0.2925504446029663,7.891654968261719e-05
60.00000000000001,0.2900830000000001,6.890000000003837e-05,64.43756866455078,0.245508074760437,7.259845733642578e-05
60.00000000000001,0.26107499999999995,6.20000000000065e-05,63.465370178222656,0.22669947147369385,6.473064422607422e-05
30.0,2.5229999999999997,0.0012399999999999078,22.647842407226562,2.6586828231811523,0.0012422800064086914
30.0,1.2614999999999998,0.0006200000000000649,29.684701919555664,1.24288010597229,0.0006319284439086914
30.0,0.8410000000000002,0.0004133330000000157,34.65099334716797,0.7201626300811768,0.0003534555435180664
30.0,0.6307499999999999,0.00031000000000003247,36.15422821044922,0.6290926933288574,0.0002586841583251953
30.0,0.5045999999999999,0.000248000000000026,29.658668518066406,0.5129156112670898,0.00032150745391845703
30.0,0.4205000000000001,0.00020666700000004923,31.016338348388672,0.3697463274002075,0.00016987323760986328
30.0,0.3604289999999999,0.0001771429999999352,33.98846435546875,0.3064659833908081,0.0001291036605834961
30.0,0.31537499999999996,0.00015499999999990521,34.75160217285156,0.2391517162322998,0.0001043081283569336
30.0,0.28033299999999994,0.00013777800000003282,32.712257385253906,0.2803457975387573,0.00017261505126953125
30.0,0.25229999999999997,0.000124000000000013,29.343944549560547,0.20219147205352783,9.548664093017578e-05
19.99999999999999,2.4367499999999995,0.0018599999999999728,24.82929801940918,2.8657548427581787,0.0015904903411865234
19.99999999999999,1.2183799999999998,0.0009300000000000974,19.822717666625977,1.5228703022003174,0.0007644891738891602
19.99999999999999,0.8122500000000001,0.0006200000000000649,19.17011260986328,0.8589813709259033,0.0006045103073120117
19.99999999999999,0.6091880000000001,0.0004649999999999377,20.84054946899414,0.5452885627746582,0.0004208087921142578
19.99999999999999,0.48734999999999995,0.00037200000000003897,20.20302963256836,0.4875955581665039,0.00034427642822265625
19.99999999999999,0.40612500000000007,0.00031000000000003247,19.398588180541992,0.35650718212127686,0.00022542476654052734
19.99999999999999,0.34810699999999994,0.00026571399999997247,18.101932525634766,0.26939666271209717,0.00016641616821289062
19.99999999999999,0.30459400000000003,0.00023250000000007987,19.73948097229004,0.324529767036438,0.0002608299255371094
19.99999999999999,0.27075000000000005,0.00020666700000004923,18.34222984313965,0.2076321840286255,0.00012111663818359375
19.99999999999999,0.24367500000000009,0.00018600000000001948,23.312374114990234,0.2479112148284912,0.00016129016876220703
14.999999999999998,2.352,0.0024800000000000377,16.65938377380371,3.2230000495910645,0.0026286840438842773
14.999999999999998,1.1760000000000002,0.0012399999999999078,14.845696449279785,1.25714111328125,0.0010120868682861328
14.999999999999998,0.784,0.0008266669999998921,15.78104019165039,0.637047290802002,0.0005818605422973633
14.999999999999998,0.5880000000000001,0.0006200000000000649,15.616897583007812,0.53873610496521,0.0005357265472412109
14.999999999999998,0.47039999999999993,0.000496000000000052,15.866800308227539,0.518092155456543,0.00044858455657958984
14.999999999999998,0.3919999999999999,0.0004133330000000157,14.323031425476074,0.39733636379241943,0.00044739246368408203
14.999999999999998,0.3360000000000001,0.00035428600000009247,14.937214851379395,0.2877155542373657,0.00029015541076660156
14.999999999999998,0.29400000000000004,0.00031000000000003247,14.116687774658203,0.28404974937438965,0.00029206275939941406
14.999999999999998,0.26133300000000004,0.00027555600000006564,15.103620529174805,0.25204503536224365,0.0002391338348388672
14.999999999999998,0.23520000000000008,0.000248000000000026,13.93281364440918,0.2422715425491333,0.0002562999725341797
12.0,2.26875,0.0031000000000001027,10.729574203491211,2.0620858669281006,0.00305020809173584
12.0,1.1343800000000002,0.0015499999999999403,10.89018726348877,0.9854341745376587,0.0014363527297973633
12.0,0.7562500000000001,0.0010333300000000545,14.527547836303711,0.7343298196792603,0.0008150339126586914
12.0,0.567188,0.0007749999999999702,14.317431449890137,0.5275048017501831,0.0005642175674438477
12.0,0.4537499999999999,0.0006200000000000649,12.40651798248291,0.460163950920105,0.0005401372909545898
12.0,0.37812500000000004,0.0005166670000000817,11.8619384765625,0.36372458934783936,0.00047457218170166016
12.0,0.3241069999999999,0.0004428569999999077,13.322754859924316,0.33416152000427246,0.0004265308380126953
12.0,0.2835939999999999,0.0003874999999999851,13.349309921264648,0.29040849208831787,0.00039136409759521484
12.0,0.25208300000000006,0.0003444439999999993,12.6404447555542,0.30355334281921387,0.0004277229309082031
12.0,0.22687499999999994,0.00031000000000003247,10.809228897094727,0.16498279571533203,0.00040459632873535156
10.000000000000002,2.187,0.0037199999999999456,10.520358085632324,2.6424903869628906,0.003690004348754883
10.000000000000002,1.0934999999999997,0.0018599999999999728,10.392338752746582,1.1208748817443848,0.0018390417098999023
10.000000000000002,0.7290000000000001,0.0012399999999999078,9.907014846801758,0.5619312524795532,0.0009173154830932617
10.000000000000002,0.5467499999999998,0.0009300000000000974,10.823941230773926,0.47737717628479004,0.0007544755935668945
10.000000000000002,0.4374,0.0007440000000000779,11.162382125854492,0.42517411708831787,0.0006635189056396484
10.000000000000002,0.36450000000000005,0.0006200000000000649,11.042157173156738,0.3283029794692993,0.0005413293838500977
10.000000000000002,0.31242900000000007,0.0005314290000000277,12.274558067321777,0.3337888717651367,0.0005284547805786133
10.000000000000002,0.2733749999999999,0.0004649999999999377,11.30537223815918,0.23682260513305664,0.000476837158203125
10.000000000000002,0.24299999999999988,0.0004133330000000157,10.204177856445312,0.18391656875610352,0.00047278404235839844
10.000000000000002,0.21870000000000012,0.00037200000000003897,9.73603630065918,0.1485520601272583,0.00046944618225097656
8.571429999999998,2.10675,0.0043400000000000105,9.805704116821289,3.4477529525756836,0.005469799041748047
8.571429999999998,1.0533799999999993,0.0021700000000000053,9.764681816101074,1.351762056350708,0.0027028322219848633
8.571429999999998,0.70225,0.0014466699999999832,8.228616714477539,0.6946197748184204,0.0011849403381347656
8.571429999999998,0.526688,0.0010850000000000026,8.0557861328125,0.39670324325561523,0.0009500980377197266
8.571429999999998,0.4213499999999999,0.0008680000000000909,9.123164176940918,0.422432541847229,0.0007730722427368164
8.571429999999998,0.35112500000000013,0.0007233330000000482,10.06329345703125,0.33852696418762207,0.0005706548690795898
8.571429999999998,0.300964,0.0006200000000000649,10.297018051147461,0.26882266998291016,0.00048530101776123047
8.571429999999998,0.263344,0.0005424999999998903,8.923837661743164,0.1934807300567627,0.0005151033401489258
8.571429999999998,0.23408300000000004,0.0004822220000000321,8.897808074951172,0.20213377475738525,0.0005767345428466797
8.571429999999998,0.21067499999999995,0.00043400000000004546,8.6943359375,0.1288226842880249,0.0004934072494506836
7.5,2.0280000000000005,0.0049600000000000755,9.133695602416992,3.3621888160705566,0.005735874176025391
7.5,1.0140000000000002,0.0024800000000000377,8.789826393127441,1.5283629894256592,0.0031703710556030273
7.5,0.6760000000000002,0.0016533299999998974,8.404156684875488,0.7269967794418335,0.0017873048782348633
7.5,0.5070000000000001,0.0012399999999999078,8.203058242797852,0.5060640573501587,0.0013628005981445312
7.5,0.40559999999999996,0.000992000000000104,7.083866119384766,0.3191722631454468,0.001087188720703125
7.5,0.3380000000000001,0.0008266669999998921,7.921175003051758,0.3031961917877197,0.0008295774459838867
7.5,0.289714,0.0007085710000001022,8.48468017578125,0.2433375120162964,0.0006409883499145508
7.5,0.25350000000000006,0.0006200000000000649,8.054251670837402,0.1935288906097412,0.000662684440612793
7.5,0.225333,0.0005511110000000485,7.2756853103637695,0.14224731922149658,0.0006389617919921875
7.5,0.2028000000000001,0.000496000000000052,7.574898719787598,0.14977812767028809,0.0006103515625
6.66667,1.9507499999999998,0.005579999999999918,7.717288970947266,2.754373550415039,0.005937457084655762
6.66667,0.9753750000000001,0.00279000000000007,8.215404510498047,1.6577587127685547,0.003679513931274414
6.66667,0.65025,0.0018599999999999728,7.708743095397949,0.9283673763275146,0.0021136999130249023
6.66667,0.4876879999999999,0.001395000000000035,6.3240861892700195,0.4781268835067749,0.0015469789505004883
6.66667,0.39015,0.0011159999999998949,6.014720439910889,0.20544183254241943,0.0008486509323120117
6.66667,0.3251249999999999,0.0009300000000000974,6.316775798797607,0.19164252281188965,0.0008095502853393555
6.66667,0.2786789999999999,0.0007971430000000002,6.496881008148193,0.2257305383682251,0.0009706020355224609
6.66667,0.24384399999999995,0.0006975000000000176,7.738763809204102,0.23595643043518066,0.0008317232131958008
6.66667,0.21675,0.0006200000000000649,7.177290916442871,0.17345857620239258,0.0006726980209350586
6.66667,0.1950750000000001,0.0005580000000000584,6.220453262329102,0.17420339584350586,0.0007926225662231445
5.999999999999999,1.875,0.006199999999999983,6.6168951988220215,1.7659101486206055,0.005300998687744141
5.999999999999999,0.9375,0.0031000000000001027,7.000080108642578,1.3562884330749512,0.004267692565917969
5.999999999999999,0.625,0.002066670000000048,7.251432418823242,0.8597710132598877,0.002351045608520508
5.999999999999999,0.46875,0.0015499999999999403,6.4991135597229,0.6069736480712891,0.001859903335571289
5.999999999999999,0.375,0.0012399999999999078,5.709909915924072,0.3574965000152588,0.0015707015991210938
5.999999999999999,0.3125,0.0010333300000000545,6.4912190437316895,0.33255624771118164,0.0009645223617553711
5.999999999999999,0.267857,0.0008857140000000374,6.330946922302246,0.3551337718963623,0.0010035037994384766
5.999999999999999,0.234375,0.0007749999999999702,6.045165538787842,0.15890753269195557,0.0007531642913818359
5.999999999999999,0.2083330000000001,0.0006888890000000814,7.631901741027832,0.206032395362854,0.000645756721496582
5.999999999999999,0.1875,0.0006200000000000649,6.141237258911133,0.08645355701446533,0.0005785226821899414
70.0,3.5707500000000003,0.0006200000000000649,62.71508026123047,3.2601895332336426,0.000712275505065918
70.0,1.78537,0.00031000000000003247,76.69117736816406,1.6786673069000244,0.0003306865692138672
70.0,1.1902499999999998,0.00020666700000004923,66.096923828125,1.06927490234375,0.00030863285064697266
70.0,0.892687,0.00015499999999990521,72.52125549316406,0.8565152883529663,0.0002881288528442383
70.0,0.7141500000000001,0.000124000000000013,59.82589340209961,0.6421312093734741,0.000274658203125
70.0,0.5951249999999999,0.00010333299999998324,60.92131423950195,0.5091694593429565,0.00021886825561523438
70.0,0.5101070000000001,8.859999999999424e-05,75.8449478149414,0.49896788597106934,0.00019693374633789062
70.0,0.4463440000000001,7.749999999995261e-05,78.88187408447266,0.40676581859588623,0.0001112222671508789
70.0,0.39674999999999994,6.890000000003837e-05,72.89722442626953,0.32528626918792725,7.593631744384766e-05
70.0,0.35707500000000003,6.20000000000065e-05,67.05180358886719,0.2721813917160034,7.867813110351562e-05
34.99999999999998,3.468,0.0012399999999999078,28.126998901367188,3.896181106567383,0.0012439489364624023
34.99999999999998,1.734,0.0006200000000000649,32.86140823364258,1.868643045425415,0.0006773471832275391
34.99999999999998,1.1559999999999997,0.0004133330000000157,34.2165641784668,0.9170284271240234,0.0003764629364013672
34.99999999999998,0.867,0.00031000000000003247,36.83133316040039,0.7189191579818726,0.00034368038177490234
34.99999999999998,0.6936,0.000248000000000026,36.81412124633789,0.6948567628860474,0.00031113624572753906
34.99999999999998,0.5779999999999998,0.00020666700000004923,36.97365188598633,0.5169572830200195,0.0001876354217529297
34.99999999999998,0.4954290000000001,0.0001771429999999352,35.65153121948242,0.45201575756073,0.0002315044403076172
34.99999999999998,0.4335,0.00015499999999990521,30.47568130493164,0.2890586853027344,0.00013124942779541016
34.99999999999998,0.3853329999999999,0.00013777800000003282,37.81462478637695,0.30196070671081543,9.810924530029297e-05
34.99999999999998,0.3468,0.000124000000000013,34.346981048583984,0.2886545658111572,0.00011241436004638672
23.333299999999987,3.3667499999999997,0.0018599999999999728,20.26490592956543,3.4490842819213867,0.0017619132995605469
23.333299999999987,1.68338,0.0009300000000000974,24.64187240600586,1.9133358001708984,0.0010151863098144531
23.333299999999987,1.1222500000000002,0.0006200000000000649,20.454540252685547,1.023559331893921,0.0005036592483520508
23.333299999999987,0.841688,0.0004649999999999377,20.82021713256836,0.8407031297683716,0.0004944801330566406
23.333299999999987,0.6733500000000001,0.00037200000000003897,20.728349685668945,0.5485779047012329,0.00039780139923095703
23.333299999999987,0.5611250000000001,0.00031000000000003247,23.680286407470703,0.4752703905105591,0.0002913475036621094
23.333299999999987,0.48096399999999995,0.00026571399999997247,19.172285079956055,0.4385812282562256,0.0002715587615966797
23.333299999999987,0.420844,0.00023250000000007987,21.684040069580078,0.4248824119567871,0.0002802610397338867
23.333299999999987,0.37408299999999994,0.00020666700000004923,25.268898010253906,0.31717073917388916,0.0001710653305053711
23.333299999999987,0.33667500000000006,0.00018600000000001948,21.793052673339844,0.23638582229614258,0.00012433528900146484
17.499999999999996,3.2669999999999995,0.0024800000000000377,13.759819030761719,3.5159597396850586,0.0027446746826171875
17.499999999999996,1.6335000000000002,0.0012399999999999078,15.866357803344727,1.5583183765411377,0.0011327266693115234
17.499999999999996,1.089,0.0008266669999998921,16.948366165161133,1.2497169971466064,0.0006657838821411133
17.499999999999996,0.8167500000000001,0.0006200000000000649,18.389554977416992,0.8162850141525269,0.0004953145980834961
17.499999999999996,0.6534,0.000496000000000052,16.177457809448242,0.48332691192626953,0.00043189525604248047
17.499999999999996,0.5445,0.0004133330000000157,15.796735763549805,0.43995165824890137,0.0004254579544067383
17.499999999999996,0.4667140000000001,0.00035428600000009247,20.301719665527344,0.41602659225463867,0.00024640560150146484
17.499999999999996,0.40837499999999993,0.00031000000000003247,18.25282859802246,0.4003570079803467,0.00033211708068847656
17.499999999999996,0.363,0.00027555600000006564,15.509288787841797,0.3056565523147583,0.0003141164779663086
17.499999999999996,0.3267,0.000248000000000026,19.014230728149414,0.2971540689468384,0.00023925304412841797
13.999999999999993,3.16875,0.0031000000000001027,10.754783630371094,2.9930224418640137,0.0034061670303344727
13.999999999999993,1.5843799999999995,0.0015499999999999403,13.365504264831543,1.6195218563079834,0.0014452934265136719
13.999999999999993,1.05625,0.0010333300000000545,12.82276725769043,0.7913045883178711,0.0008543729782104492
13.999999999999993,0.7921879999999999,0.0007749999999999702,14.7135591506958,0.7883859872817993,0.0006487369537353516
13.999999999999993,0.63375,0.0006200000000000649,15.967565536499023,0.842917799949646,0.0006406307220458984
13.999999999999993,0.528125,0.0005166670000000817,15.676048278808594,0.4485478401184082,0.0004082918167114258
13.999999999999993,0.45267900000000005,0.0004428569999999077,14.0676908493042,0.4075809717178345,0.0004532337188720703
13.999999999999993,0.39609399999999995,0.0003874999999999851,15.8114013671875,0.4126286506652832,0.0003523826599121094
13.999999999999993,0.3520829999999999,0.0003444439999999993,13.76630687713623,0.3378039598464966,0.0004086494445800781
13.999999999999993,0.316875,0.00031000000000003247,14.470521926879883,0.29533863067626953,0.0002905130386352539
11.666699999999999,3.072,0.0037199999999999456,10.135427474975586,3.2301626205444336,0.004227638244628906
11.666699999999999,1.536,0.0018599999999999728,10.527120590209961,1.3705534934997559,0.0018908977508544922
11.666699999999999,1.024,0.0012399999999999078,11.325257301330566,0.8113068342208862,0.0009325742721557617
11.666699999999999,0.768,0.0009300000000000974,11.207987785339355,0.7891907691955566,0.0007306337356567383
11.666699999999999,0.6143999999999998,0.0007440000000000779,12.631806373596191,0.543257474899292,0.0005759000778198242
11.666699999999999,0.512,0.0006200000000000649,12.254254341125488,0.3938319683074951,0.0005466938018798828
11.666699999999999,0.43885700000000005,0.0005314290000000277,12.135807991027832,0.3222827911376953,0.0004519224166870117
11.666699999999999,0.3839999999999999,0.0004649999999999377,13.679664611816406,0.4291961193084717,0.0005502700805664062
11.666699999999999,0.3413330000000001,0.0004133330000000157,13.920105934143066,0.4005821943283081,0.0004634857177734375
11.666699999999999,0.3071999999999999,0.00037200000000003897,13.215069770812988,0.3248361349105835,0.00041294097900390625
10.000000000000002,2.9767499999999996,0.0043400000000000105,10.875279426574707,3.955237865447998,0.004681944847106934
10.000000000000002,1.4883800000000003,0.0021700000000000053,10.680867195129395,1.8728430271148682,0.0024121999740600586
10.000000000000002,0.9922499999999999,0.0014466699999999832,8.352592468261719,0.7252613306045532,0.0012247562408447266
10.000000000000002,0.7441879999999998,0.0010850000000000026,11.610892295837402,0.7715256214141846,0.0007725954055786133
10.000000000000002,0.59535,0.0008680000000000909,10.719660758972168,0.5600223541259766,0.0007048845291137695
10.000000000000002,0.4961249999999999,0.0007233330000000482,10.744331359863281,0.409145712852478,0.0006213188171386719
10.000000000000002,0.42525000000000013,0.0006200000000000649,10.582783699035645,0.36661553382873535,0.0005819797515869141
10.000000000000002,0.3720939999999999,0.0005424999999998903,11.587651252746582,0.3718752861022949,0.0005239248275756836
10.000000000000002,0.3307500000000001,0.0004822220000000321,11.121214866638184,0.3065335750579834,0.0004698038101196289
10.000000000000002,0.2976749999999999,0.00043400000000004546,11.38092041015625,0.2909930944442749,0.0004316568374633789
8.750000000000002,2.8829999999999996,0.0049600000000000755,9.914241790771484,4.252804279327393,0.006106853485107422
8.750000000000002,1.4415,0.0024800000000000377,9.320613861083984,1.836864709854126,0.0033742189407348633
8.750000000000002,0.9609999999999999,0.0016533299999998974,9.181184768676758,0.8668432235717773,0.0016576051712036133
8.750000000000002,0.72075,0.0012399999999999078,8.893790245056152,0.7795647382736206,0.0013409852981567383
8.750000000000002,0.5766,0.000992000000000104,7.803342819213867,0.4821963310241699,0.0009937286376953125
8.750000000000002,0.4804999999999999,0.0008266669999998921,8.72339916229248,0.39931416511535645,0.0009702444076538086
8.750000000000002,0.4118569999999999,0.0007085710000001022,9.314460754394531,0.2859499454498291,0.0006622076034545898
8.750000000000002,0.3603749999999999,0.0006200000000000649,9.064962387084961,0.31286561489105225,0.0006705522537231445
8.750000000000002,0.320333,0.0005511110000000485,7.847867012023926,0.24377703666687012,0.0007340908050537109
8.750000000000002,0.2883,0.000496000000000052,8.923135757446289,0.21316015720367432,0.0005962848663330078
7.777779999999998,2.7907499999999987,0.005579999999999918,9.349100112915039,3.711474895477295,0.005831241607666016
7.777779999999998,1.3953800000000003,0.00279000000000007,9.385738372802734,2.4205334186553955,0.004201173782348633
7.777779999999998,0.93025,0.0018599999999999728,7.264074325561523,1.1100850105285645,0.002221345901489258
7.777779999999998,0.6976879999999999,0.001395000000000035,8.007196426391602,0.6760817766189575,0.0013530254364013672
7.777779999999998,0.5581499999999999,0.0011159999999998949,7.583473205566406,0.535126805305481,0.0010619163513183594
7.777779999999998,0.465125,0.0009300000000000974,8.252647399902344,0.4018583297729492,0.0009065866470336914
7.777779999999998,0.398679,0.0007971430000000002,8.898612976074219,0.42054200172424316,0.000760197639465332
7.777779999999998,0.34884399999999993,0.0006975000000000176,9.516039848327637,0.33936238288879395,0.0006409883499145508
7.777779999999998,0.3100830000000001,0.0006200000000000649,8.261940002441406,0.24232971668243408,0.0005921125411987305
7.777779999999998,0.27907499999999996,0.0005580000000000584,7.285134315490723,0.16772544384002686,0.0006676912307739258
6.999999999999998,2.7000000000000006,0.006199999999999983,8.165942192077637,3.459906578063965,0.00618588924407959
6.999999999999998,1.35,0.0031000000000001027,8.680806159973145,2.477581024169922,0.0042945146560668945
6.999999999999998,0.8999999999999999,0.002066670000000048,8.6945161819458,1.3036432266235352,0.0027523040771484375
6.999999999999998,0.675,0.0015499999999999403,7.323725700378418,0.7694284915924072,0.001802206039428711
6.999999999999998,0.54,0.0012399999999999078,6.4760918617248535,0.4675278663635254,0.0012443065643310547
6.999999999999998,0.44999999999999996,0.0010333300000000545,7.144423484802246,0.41984355449676514,0.0010415315628051758
6.999999999999998,0.3857140000000001,0.0008857140000000374,7.105771064758301,0.3048100471496582,0.000873565673828125
6.999999999999998,0.3374999999999999,0.0007749999999999702,7.30198860168457,0.2700233459472656,0.0008016824722290039
6.999999999999998,0.30000000000000004,0.0006888890000000814,6.6814117431640625,0.1902250051498413,0.0007193088531494141
6.999999999999998,0.27,0.0006200000000000649,6.870580196380615,0.17616605758666992,0.0006449222564697266
80.00000000000003,4.680749999999999,0.0006200000000000649,77.32258605957031,4.514097213745117,0.0008373260498046875
80.00000000000003,2.34037,0.00031000000000003247,75.84022521972656,2.014159917831421,0.00037932395935058594
80.00000000000003,1.56025,0.00020666700000004923,86.77499389648438,1.389909267425537,0.0002658367156982422
80.00000000000003,1.1701899999999998,0.00015499999999990521,66.8453140258789,1.0382049083709717,0.0003032684326171875
80.00000000000003,0.93615,0.000124000000000013,74.24394989013672,0.8141313791275024,0.0002846717834472656
80.00000000000003,0.780125,0.00010333299999998324,67.08214569091797,0.6778061389923096,0.0002560615539550781
80.00000000000003,0.668679,8.859999999999424e-05,73.99250030517578,0.6097537279129028,0.00021386146545410156
80.00000000000003,0.585094,7.749999999995261e-05,84.6104736328125,0.5715062618255615,0.0002307891845703125
80.00000000000003,0.5200830000000001,6.890000000003837e-05,85.50487518310547,0.46118342876434326,0.00013065338134765625
80.00000000000003,0.468075,6.20000000000065e-05,79.11788177490234,0.368664026260376,7.486343383789062e-05
39.999999999999986,4.563,0.0012399999999999078,35.876365661621094,5.075235366821289,0.0015660524368286133
39.999999999999986,2.2815,0.0006200000000000649,37.37078857421875,2.2215840816497803,0.0004934072494506836
39.999999999999986,1.521,0.0004133330000000157,35.00838088989258,1.4888849258422852,0.00045990943908691406
39.999999999999986,1.1407500000000002,0.00031000000000003247,35.402217864990234,0.9724776744842529,0.00037038326263427734
39.999999999999986,0.9125999999999999,0.000248000000000026,37.00090408325195,0.7510186433792114,0.0003083944320678711
39.999999999999986,0.7605,0.00020666700000004923,40.400028228759766,0.6781282424926758,0.00029909610748291016
39.999999999999986,0.6518570000000001,0.0001771429999999352,36.02500534057617,0.593448281288147,0.00023090839385986328
39.999999999999986,0.5703749999999999,0.00015499999999990521,36.41897201538086,0.47796928882598877,0.00026214122772216797
39.999999999999986,0.5070000000000001,0.00013777800000003282,46.72437286376953,0.6070727109909058,0.00018393993377685547
39.999999999999986,0.45629999999999993,0.000124000000000013,45.17034149169922,0.5247879028320312,0.0002142190933227539
26.666699999999985,4.446749999999999,0.0018599999999999728,27.546161651611328,5.101454257965088,0.0021616220474243164
26.666699999999985,2.22337,0.0009300000000000974,28.41744613647461,2.428277015686035,0.0009034872055053711
26.666699999999985,1.48225,0.0006200000000000649,22.749839782714844,1.4794912338256836,0.000592350959777832
26.666699999999985,1.1116900000000003,0.0004649999999999377,24.23964500427246,1.0710556507110596,0.0004055500030517578
26.666699999999985,0.8893499999999999,0.00037200000000003897,25.12938690185547,0.8388389348983765,0.0003885030746459961
26.666699999999985,0.741125,0.00031000000000003247,25.096027374267578,0.7448883056640625,0.0003377199172973633
26.666699999999985,0.6352500000000001,0.00026571399999997247,27.69629669189453,0.5352460145950317,0.00027871131896972656
26.666699999999985,0.555844,0.00023250000000007987,24.830123901367188,0.468119740486145,0.0002690553665161133
26.666699999999985,0.49408300000000005,0.00020666700000004923,27.53008460998535,0.47983574867248535,0.0002580881118774414
26.666699999999985,0.44467499999999993,0.00018600000000001948,23.656755447387695,0.34807419776916504,0.00016605854034423828
19.99999999999999,4.332,0.0024800000000000377,18.251598358154297,4.888579368591309,0.0026220083236694336
19.99999999999999,2.166,0.0012399999999999078,18.364553451538086,2.0605432987213135,0.001124262809753418
19.99999999999999,1.444,0.0008266669999998921,22.374433517456055,1.4361391067504883,0.0007495880126953125
19.99999999999999,1.0830000000000002,0.0006200000000000649,18.07213020324707,1.1336774826049805,0.0006289482116699219
19.99999999999999,0.8664000000000001,0.000496000000000052,17.550790786743164,0.7799935340881348,0.0005317926406860352
19.99999999999999,0.722,0.0004133330000000157,20.091358184814453,0.5931981801986694,0.0003533363342285156
19.99999999999999,0.618857,0.00035428600000009247,19.84744644165039,0.6189432144165039,0.0003737211227416992
19.99999999999999,0.5415000000000001,0.00031000000000003247,16.893104553222656,0.47500574588775635,0.0004233121871948242
19.99999999999999,0.481333,0.00027555600000006564,17.901561737060547,0.45696043968200684,0.00036132335662841797
19.99999999999999,0.43320000000000003,0.000248000000000026,20.160160064697266,0.3742082118988037,0.00024819374084472656
16.0,4.218749999999999,0.0031000000000001027,13.658288955688477,4.115265846252441,0.0032767057418823242
16.0,2.10938,0.0015499999999999403,12.357887268066406,1.5771048069000244,0.0016219615936279297
16.0,1.40625,0.0010333300000000545,15.164495468139648,1.1903040409088135,0.0008640289306640625
16.0,1.05469,0.0007749999999999702,14.35876178741455,0.8009310960769653,0.0007562637329101562
16.0,0.84375,0.0006200000000000649,16.749237060546875,0.8003535270690918,0.0005807876586914062
16.0,0.703125,0.0005166670000000817,18.57050132751465,0.7791777849197388,0.0004286766052246094
16.0,0.602679,0.0004428569999999077,16.342317581176758,0.4827544689178467,0.0004183053970336914
16.0,0.527344,0.0003874999999999851,15.598409652709961,0.4490845203399658,0.00037348270416259766
16.0,0.46875,0.0003444439999999993,16.626331329345703,0.370250940322876,0.0003180503845214844
16.0,0.421875,0.00031000000000003247,15.636415481567383,0.39639508724212646,0.00036966800689697266
13.333300000000001,4.107,0.0037199999999999456,11.599815368652344,4.128777503967285,0.0042198896408081055
13.333300000000001,2.0534999999999997,0.0018599999999999728,12.270995140075684,1.8303141593933105,0.001927018165588379
13.333300000000001,1.3689999999999998,0.0012399999999999078,12.419827461242676,1.200852632522583,0.0009790658950805664
13.333300000000001,1.0267499999999998,0.0009300000000000974,11.76502799987793,0.8493725061416626,0.0007337331771850586
13.333300000000001,0.8214000000000001,0.0007440000000000779,13.979660987854004,0.6606360673904419,0.0005357265472412109
13.333300000000001,0.6844999999999999,0.0006200000000000649,14.180634498596191,0.6000443696975708,0.0005553960800170898
13.333300000000001,0.586714,0.0005314290000000277,15.097822189331055,0.470711350440979,0.0004069805145263672
13.333300000000001,0.5133749999999999,0.0004649999999999377,15.033599853515625,0.4594947099685669,0.00047194957733154297
13.333300000000001,0.4563329999999999,0.0004133330000000157,11.724750518798828,0.277229905128479,0.00041043758392333984
13.333300000000001,0.41070000000000007,0.00037200000000003897,14.447256088256836,0.4355686902999878,0.0004928112030029297
11.4286,3.9967500000000005,0.0043400000000000105,10.135157585144043,4.087196350097656,0.004835605621337891
11.4286,1.99838,0.0021700000000000053,14.349456787109375,2.8267903327941895,0.002446293830871582
11.4286,1.3322500000000002,0.0014466699999999832,11.214339256286621,1.289363145828247,0.0014268159866333008
11.4286,0.999188,0.0010850000000000026,11.096113204956055,0.847459077835083,0.0009304285049438477
11.4286,0.79935,0.0008680000000000909,11.341182708740234,0.7646274566650391,0.0008666515350341797
11.4286,0.6661250000000001,0.0007233330000000482,12.237195014953613,0.5605026483535767,0.0006778240203857422
11.4286,0.570964,0.0006200000000000649,12.584126472473145,0.4982856512069702,0.0006226301193237305
11.4286,0.4995940000000001,0.0005424999999998903,12.652140617370605,0.40957164764404297,0.0005044937133789062
11.4286,0.444083,0.0004822220000000321,11.795980453491211,0.3423898220062256,0.0005090236663818359
11.4286,0.399675,0.00043400000000004546,12.518345832824707,0.34095656871795654,0.0004534721374511719
10.000000000000002,3.888,0.0049600000000000755,11.43419075012207,5.1421589851379395,0.005418896675109863
10.000000000000002,1.944,0.0024800000000000377,10.721553802490234,2.0852184295654297,0.003162980079650879
10.000000000000002,1.2960000000000003,0.0016533299999998974,8.69279956817627,1.1823830604553223,0.0017875432968139648
10.000000000000002,0.972,0.0012399999999999078,10.166013717651367,0.8825994729995728,0.0011343955993652344
10.000000000000002,0.7776000000000001,0.000992000000000104,10.267093658447266,0.7412067651748657,0.0009467601776123047
10.000000000000002,0.6480000000000001,0.0008266669999998921,10.647109985351562,0.6012239456176758,0.0008442401885986328
10.000000000000002,0.555429,0.0007085710000001022,9.973526000976562,0.460005521774292,0.00075531005859375
10.000000000000002,0.486,0.0006200000000000649,10.57279109954834,0.46985065937042236,0.0008225440979003906
10.000000000000002,0.4319999999999997,0.0005511110000000485,10.069997787475586,0.31783509254455566,0.0006146430969238281
10.000000000000002,0.38880000000000003,0.000496000000000052,10.218633651733398,0.3018873929977417,0.0005555152893066406
8.888890000000002,3.7807499999999994,0.005579999999999918,9.907391548156738,5.336651802062988,0.00659787654876709
8.888890000000002,1.89038,0.00279000000000007,9.69441032409668,2.536482095718384,0.00390470027923584
8.888890000000002,1.26025,0.0018599999999999728,9.414491653442383,1.420297622680664,0.0018343925476074219
8.888890000000002,0.9451879999999999,0.001395000000000035,9.36131763458252,0.9203720092773438,0.0014340877532958984
8.888890000000002,0.7561499999999999,0.0011159999999998949,8.970943450927734,0.6442841291427612,0.0009597539901733398
8.888890000000002,0.630125,0.0009300000000000974,9.113468170166016,0.6049855947494507,0.0008578300476074219
8.888890000000002,0.5401069999999999,0.0007971430000000002,9.622652053833008,0.6258254051208496,0.00083160400390625
8.888890000000002,0.47259399999999996,0.0006975000000000176,10.027849197387695,0.4975581169128418,0.0008276700973510742
8.888890000000002,0.420083,0.0006200000000000649,10.18443775177002,0.4217623472213745,0.0006631612777709961
8.888890000000002,0.37807499999999994,0.0005580000000000584,9.659189224243164,0.3163001537322998,0.0006235837936401367
8.000000000000002,3.675,0.006199999999999983,9.181723594665527,4.990606307983398,0.006880640983581543
8.000000000000002,1.8375,0.0031000000000001027,9.20073127746582,2.812133312225342,0.00428462028503418
8.000000000000002,1.225,0.002066670000000048,9.138245582580566,1.5902936458587646,0.0027254819869995117
8.000000000000002,0.91875,0.0015499999999999403,8.17437744140625,0.9827002286911011,0.0014410018920898438
8.000000000000002,0.7349999999999999,0.0012399999999999078,9.527582168579102,0.8226038217544556,0.0012589693069458008
8.000000000000002,0.6125,0.0010333300000000545,9.671843528747559,0.7074028253555298,0.0010120868682861328
8.000000000000002,0.5249999999999999,0.0008857140000000374,7.941963195800781,0.4396001100540161,0.000812530517578125
8.000000000000002,0.4593750000000001,0.0007749999999999702,8.259364128112793,0.3365340232849121,0.0007780790328979492
8.000000000000002,0.40833300000000006,0.0006888890000000814,7.69013786315918,0.33091914653778076,0.0008004903793334961
8.000000000000002,0.36749999999999994,0.0006200000000000649,8.243242263793945,0.30214667320251465,0.0007119178771972656
89.99999999999997,5.94075,0.0006200000000000649,67.31912994384766,4.800758361816406,0.0008951425552368164
89.99999999999997,2.97038,0.00031000000000003247,87.23026275634766,2.8069920539855957,0.00035643577575683594
89.99999999999997,1.980249999999999,0.00020666700000004923,87.76364135742188,1.8652563095092773,0.0002810955047607422
89.99999999999997,1.4851900000000002,0.00015499999999990521,78.73117065429688,1.2570204734802246,0.00030422210693359375
89.99999999999997,1.1881500000000003,0.000124000000000013,79.82766723632812,1.0304338932037354,0.0002307891845703125
89.99999999999997,0.9901249999999999,0.00010333299999998324,76.79475402832031,0.8299977779388428,0.00024199485778808594
89.99999999999997,0.848679,8.859999999999424e-05,79.43595123291016,0.770510196685791,0.00018680095672607422
89.99999999999997,0.742594,7.749999999995261e-05,74.47737884521484,0.556230902671814,0.0001977682113647461
89.99999999999997,0.660083,6.890000000003837e-05,78.13220977783203,0.5227543115615845,0.00023984909057617188
89.99999999999997,0.5940750000000001,6.20000000000065e-05,95.4124526977539,0.5521641969680786,0.00018656253814697266
44.999999999999986,5.808,0.0012399999999999078,40.83280944824219,5.66412353515625,0.001657247543334961
44.999999999999986,2.904,0.0006200000000000649,25.634374618530273,2.822575330734253,0.0008546113967895508
44.999999999999986,1.936,0.0004133330000000157,41.67837905883789,1.959024429321289,0.00040030479431152344
44.999999999999986,1.452,0.00031000000000003247,47.22697067260742,1.5471746921539307,0.0004080533981323242
44.999999999999986,1.1616,0.000248000000000026,48.060264587402344,1.0816822052001953,0.00033080577850341797
44.999999999999986,0.968,0.00020666700000004923,45.203208923339844,0.8954557180404663,0.0002734661102294922
44.999999999999986,0.8297140000000001,0.0001771429999999352,42.213382720947266,0.6888351440429688,0.0002541542053222656
44.999999999999986,0.726,0.00015499999999990521,46.89078903198242,0.6657640933990479,0.0001710653305053711
44.999999999999986,0.6453329999999999,0.00013777800000003282,39.506168365478516,0.5343821048736572,0.00020360946655273438
44.999999999999986,0.5808,0.000124000000000013,43.925514221191406,0.4508485794067383,0.0001894235610961914
30.0,5.67675,0.0018599999999999728,23.29431915283203,3.9570279121398926,0.0018656253814697266
30.0,2.8383800000000003,0.0009300000000000974,32.71493911743164,2.9572348594665527,0.000908970832824707
30.0,1.8922499999999998,0.0006200000000000649,23.838253021240234,2.046792507171631,0.0007166862487792969
30.0,1.41919,0.0004649999999999377,24.841825485229492,1.3230881690979004,0.00048291683197021484
30.0,1.1353499999999999,0.00037200000000003897,27.77405548095703,1.086838960647583,0.0003681182861328125
30.0,0.9461249999999999,0.00031000000000003247,27.505708694458008,0.8238182067871094,0.00033485889434814453
30.0,0.810964,0.00026571399999997247,28.271060943603516,0.875861406326294,0.00034034252166748047
30.0,0.7095940000000003,0.00023250000000007987,28.00438117980957,0.6521706581115723,0.00031244754791259766
30.0,0.6307499999999999,0.00020666700000004923,29.233123779296875,0.5897669792175293,0.00022554397583007812
30.0,0.5676749999999999,0.00018600000000001948,27.342239379882812,0.5184460878372192,0.00022602081298828125
22.500000000000004,5.546999999999999,0.0024800000000000377,25.851905822753906,6.8462347984313965,0.003047347068786621
22.500000000000004,2.7734999999999994,0.0012399999999999078,19.963909149169922,2.8082339763641357,0.001220107078552246
22.500000000000004,1.8489999999999998,0.0008266669999998921,23.361515045166016,1.7861027717590332,0.0006536245346069336
22.500000000000004,1.3867500000000006,0.0006200000000000649,21.01215934753418,1.0926172733306885,0.0005667209625244141
22.500000000000004,1.1094,0.000496000000000052,20.182249069213867,1.0616297721862793,0.0005320310592651367
22.500000000000004,0.9245000000000001,0.0004133330000000157,20.810287475585938,0.8489295244216919,0.00046646595001220703
22.500000000000004,0.792429,0.00035428600000009247,21.910526275634766,0.6207407712936401,0.0003858804702758789
22.500000000000004,0.6933750000000001,0.00031000000000003247,19.924724578857422,0.6106500625610352,0.00038552284240722656
22.500000000000004,0.616333,0.00027555600000006564,18.856590270996094,0.5089149475097656,0.0003889799118041992
22.500000000000004,0.5547,0.000248000000000026,22.193613052368164,0.4665489196777344,0.0002664327621459961
17.99999999999999,5.418750000000001,0.0031000000000001027,20.781076431274414,6.495790481567383,0.0031746625900268555
17.99999999999999,2.7093800000000003,0.0015499999999999403,16.530397415161133,2.2508506774902344,0.0013699531555175781
17.99999999999999,1.80625,0.0010333300000000545,16.285839080810547,1.6296091079711914,0.0008194446563720703
17.99999999999999,1.3546899999999997,0.0007749999999999702,15.591327667236328,1.5086109638214111,0.0008900165557861328
17.99999999999999,1.0837500000000002,0.0006200000000000649,17.13709259033203,1.0211870670318604,0.0006905794143676758
17.99999999999999,0.903125,0.0005166670000000817,21.21387481689453,1.018066167831421,0.0006004571914672852
17.99999999999999,0.7741069999999999,0.0004428569999999077,18.435203552246094,0.7335802316665649,0.0006051063537597656
17.99999999999999,0.677344,0.0003874999999999851,18.059284210205078,0.5896123647689819,0.0003873109817504883
17.99999999999999,0.6020829999999999,0.0003444439999999993,18.25227928161621,0.571752667427063,0.00039374828338623047
17.99999999999999,0.5418749999999999,0.00031000000000003247,19.477670669555664,0.45898354053497314,0.0002542734146118164
14.999999999999998,5.292,0.0037199999999999456,14.824823379516602,5.370004177093506,0.003939270973205566
14.999999999999998,2.646,0.0018599999999999728,15.604591369628906,3.013246536254883,0.0019335746765136719
14.999999999999998,1.7640000000000002,0.0012399999999999078,14.07457160949707,2.0775954723358154,0.001310586929321289
14.999999999999998,1.3230000000000004,0.0009300000000000974,15.22549819946289,1.3258719444274902,0.0007065534591674805
14.999999999999998,1.0583999999999998,0.0007440000000000779,16.88340187072754,0.950939416885376,0.0006341934204101562
14.999999999999998,0.8819999999999999,0.0006200000000000649,15.833122253417969,0.728297233581543,0.0005303621292114258
14.999999999999998,0.756,0.0005314290000000277,15.495281219482422,0.5971347093582153,0.00046885013580322266
14.999999999999998,0.6615,0.0004649999999999377,15.644207000732422,0.5058373212814331,0.0004394054412841797
14.999999999999998,0.5880000000000001,0.0004133330000000157,13.926633834838867,0.4022684097290039,0.00045502185821533203
14.999999999999998,0.5291999999999999,0.00037200000000003897,21.20783233642578,0.5803883075714111,0.0003668069839477539
12.857099999999999,5.166750000000001,0.0043400000000000105,12.079303741455078,5.378983974456787,0.005182981491088867
12.857099999999999,2.5833800000000005,0.0021700000000000053,14.241192817687988,2.7126564979553223,0.001690506935119629
12.857099999999999,1.7222499999999998,0.0014466699999999832,12.171205520629883,1.8324997425079346,0.0015299320220947266
12.857099999999999,1.29169,0.0010850000000000026,13.472245216369629,1.1894912719726562,0.0010668039321899414
12.857099999999999,1.03335,0.0008680000000000909,12.514985084533691,1.0826098918914795,0.0009392499923706055
12.857099999999999,0.8611249999999999,0.0007233330000000482,12.826778411865234,0.7563197612762451,0.0007114410400390625
12.857099999999999,0.7381069999999998,0.0006200000000000649,13.630269050598145,0.629936933517456,0.0006604194641113281
12.857099999999999,0.6458439999999999,0.0005424999999998903,11.681648254394531,0.5307488441467285,0.000666499137878418
12.857099999999999,0.5740829999999999,0.0004822220000000321,13.078261375427246,0.4313483238220215,0.0005192756652832031
12.857099999999999,0.516675,0.00043400000000004546,13.938300132751465,0.35619521141052246,0.00042259693145751953
11.250000000000002,5.043,0.0049600000000000755,10.706995964050293,5.28421688079834,0.0056304931640625
11.250000000000002,2.5214999999999996,0.0024800000000000377,11.865950584411621,2.9896657466888428,0.002745985984802246
11.250000000000002,1.681,0.0016533299999998974,12.094535827636719,1.5603439807891846,0.001549839973449707
11.250000000000002,1.2607499999999998,0.0012399999999999078,10.742032051086426,1.157951831817627,0.001325845718383789
11.250000000000002,1.0086,0.000992000000000104,10.43429946899414,0.832291841506958,0.0009421110153198242
11.250000000000002,0.8405,0.0008266669999998921,11.267539978027344,0.7947051525115967,0.0009492635726928711
11.250000000000002,0.720429,0.0007085710000001022,11.069672584533691,0.684049129486084,0.0008599758148193359
11.250000000000002,0.6303749999999999,0.0006200000000000649,12.084319114685059,0.6016713380813599,0.0006463527679443359
11.250000000000002,0.560333,0.0005511110000000485,12.24390697479248,0.4261692762374878,0.0005426406860351562
11.250000000000002,0.5043,0.000496000000000052,12.126408576965332,0.45479655265808105,0.0006449222564697266
10.000000000000002,4.92075,0.005579999999999918,11.404433250427246,6.816765308380127,0.006738185882568359
10.000000000000002,2.4603800000000002,0.00279000000000007,10.732673645019531,3.1882104873657227,0.004004955291748047
10.000000000000002,1.64025,0.0018599999999999728,13.00638198852539,1.7626605033874512,0.002080082893371582
10.000000000000002,1.23019,0.001395000000000035,10.527698516845703,1.2935025691986084,0.0012066364288330078
10.000000000000002,0.9841500000000001,0.0011159999999998949,11.67060375213623,1.0008056163787842,0.001130223274230957
10.000000000000002,0.820125,0.0009300000000000974,9.591069221496582,0.7181048393249512,0.0009440183639526367
10.000000000000002,0.7029640000000001,0.0007971430000000002,9.806944847106934,0.627328634262085,0.0007913112640380859
10.000000000000002,0.615094,0.0006975000000000176,10.73651123046875,0.598179817199707,0.0006716251373291016
10.000000000000002,0.5467499999999998,0.0006200000000000649,10.487656593322754,0.5399545431137085,0.0006437301635742188
10.000000000000002,0.49207500000000004,0.0005580000000000584,11.519497871398926,0.48819661140441895,0.000536799430847168
9.000000000000002,4.8,0.006199999999999983,10.11192512512207,6.1239705085754395,0.007073760032653809
9.000000000000002,2.4,0.0031000000000001027,10.073616027832031,3.550978660583496,0.004681587219238281
9.000000000000002,1.6,0.002066670000000048,7.498427391052246,0.7821900844573975,0.0016624927520751953
9.000000000000002,1.2000000000000002,0.0015499999999999403,14.553265571594238,1.2465925216674805,0.0007586479187011719
9.000000000000002,0.96,0.0012399999999999078,9.380263328552246,1.0088107585906982,0.0016247034072875977
9.000000000000002,0.8,0.0010333300000000545,10.060575485229492,0.7842233180999756,0.0008997917175292969
9.000000000000002,0.6857139999999999,0.0008857140000000374,9.691750526428223,0.7301486730575562,0.0009120702743530273
9.000000000000002,0.6000000000000001,0.0007749999999999702,9.601126670837402,0.5686023235321045,0.0008350610733032227
9.000000000000002,0.5333329999999998,0.0006888890000000814,10.70734977722168,0.4737433195114136,0.0006350278854370117
9.000000000000002,0.48,0.0006200000000000649,10.441811561584473,0.4200172424316406,0.0006494522094726562
100.00000000000003,7.3507500000000014,0.0006200000000000649,85.18653106689453,6.472705841064453,0.0009516477584838867
100.00000000000003,3.6753800000000005,0.00031000000000003247,72.6844482421875,2.9624950885772705,0.00040400028228759766
100.00000000000003,2.4502499999999996,0.00020666700000004923,88.73719024658203,1.8301215171813965,0.00025963783264160156
100.00000000000003,1.8376900000000003,0.00015499999999990521,96.20097351074219,1.5570688247680664,0.0002655982971191406
100.00000000000003,1.4701499999999998,0.000124000000000013,81.78678131103516,1.2448756694793701,0.00026297569274902344
100.00000000000003,1.22512,0.00010333299999998324,78.89055633544922,0.8778541088104248,0.00023674964904785156
100.00000000000003,1.05011,8.859999999999424e-05,75.25602722167969,0.7999465465545654,0.00023674964904785156
100.00000000000003,0.918844,7.749999999995261e-05,84.79359436035156,0.7173575162887573,0.00020778179168701172
100.00000000000003,0.8167500000000001,6.890000000003837e-05,94.03115844726562,0.6985784769058228,0.00015270709991455078
100.00000000000003,0.7350750000000001,6.20000000000065e-05,105.33708190917969,0.6668715476989746,0.0001385211944580078
49.99999999999997,7.202999999999999,0.0012399999999999078,53.144081115722656,7.37480354309082,0.001620650291442871
49.99999999999997,3.601499999999999,0.0006200000000000649,43.39437484741211,3.400019645690918,0.0007121562957763672
49.99999999999997,2.401,0.0004133330000000157,46.27018737792969,2.361255407333374,0.00037217140197753906
49.99999999999997,1.8007499999999999,0.00031000000000003247,41.31089782714844,1.6952736377716064,0.0004137754440307617
49.99999999999997,1.4405999999999999,0.000248000000000026,41.1046257019043,1.0483360290527344,0.0003376007080078125
49.99999999999997,1.2005,0.00020666700000004923,47.374046325683594,1.027529001235962,0.00031197071075439453
49.99999999999997,1.029,0.0001771429999999352,51.61442184448242,0.8941465616226196,0.0002503395080566406
49.99999999999997,0.9003749999999999,0.00015499999999990521,50.42519760131836,0.7915090322494507,0.0001493692398071289
49.99999999999997,0.800333,0.00013777800000003282,44.224884033203125,0.6187331676483154,0.00019347667694091797
49.99999999999997,0.7202999999999999,0.000124000000000013,45.287445068359375,0.6164615154266357,0.00020647048950195312
33.33329999999999,7.056750000000001,0.0018599999999999728,41.1417236328125,7.810320854187012,0.0022617578506469727
33.33329999999999,3.5283800000000003,0.0009300000000000974,31.55303192138672,3.3719043731689453,0.001013040542602539
33.33329999999999,2.35225,0.0006200000000000649,28.002971649169922,2.1522741317749023,0.000571131706237793
33.33329999999999,1.7641900000000006,0.0004649999999999377,29.5761661529541,1.7806177139282227,0.0005352497100830078
33.33329999999999,1.4113500000000005,0.00037200000000003897,25.49422264099121,1.299088716506958,0.000545501708984375
33.33329999999999,1.17612,0.00031000000000003247,35.14440155029297,1.065612554550171,0.00033867359161376953
33.33329999999999,1.0081100000000003,0.00026571399999997247,34.254310607910156,0.993597149848938,0.0003191232681274414
33.33329999999999,0.8820939999999999,0.00023250000000007987,29.713092803955078,0.8387222290039062,0.00029408931732177734
33.33329999999999,0.7840830000000001,0.00020666700000004923,31.280059814453125,0.690743088722229,0.000270843505859375
33.33329999999999,0.705675,0.00018600000000001948,31.65796661376953,0.61525559425354,0.00025343894958496094
25.000000000000004,6.912,0.0024800000000000377,25.358606338500977,7.736869812011719,0.0029627084732055664
25.000000000000004,3.4559999999999995,0.0012399999999999078,23.265766143798828,3.4269909858703613,0.0012699365615844727
25.000000000000004,2.3040000000000003,0.0008266669999998921,21.48036003112793,2.2500431537628174,0.0007396936416625977
25.000000000000004,1.7279999999999998,0.0006200000000000649,25.8762264251709,1.8027899265289307,0.0005137920379638672
25.000000000000004,1.3824000000000005,0.000496000000000052,22.499420166015625,1.2887771129608154,0.0005235671997070312
25.000000000000004,1.1520000000000001,0.0004133330000000157,22.74782371520996,1.0975499153137207,0.0004709959030151367
25.000000000000004,0.9874290000000001,0.00035428600000009247,22.756895065307617,0.9593223333358765,0.00047194957733154297
25.000000000000004,0.8639999999999999,0.00031000000000003247,22.55063819885254,0.6866797208786011,0.00037288665771484375
25.000000000000004,0.768,0.00027555600000006564,24.123783111572266,0.6880968809127808,0.00028645992279052734
25.000000000000004,0.6912,0.000248000000000026,25.531341552734375,0.7719463109970093,0.00030362606048583984
19.99999999999999,6.768749999999999,0.0031000000000001027,24.723140716552734,7.987220764160156,0.0029740333557128906
19.99999999999999,3.38438,0.0015499999999999403,18.991682052612305,3.928225517272949,0.0018568038940429688
19.99999999999999,2.25625,0.0010333300000000545,17.719730377197266,2.1450281143188477,0.001016378402709961
19.99999999999999,1.69219,0.0007749999999999702,19.103483200073242,1.7616047859191895,0.0007760524749755859
19.99999999999999,1.3537499999999998,0.0006200000000000649,20.28995132446289,1.2894542217254639,0.0005834102630615234
19.99999999999999,1.12812,0.0005166670000000817,19.648727416992188,1.01106595993042,0.0005629062652587891
19.99999999999999,0.9669639999999999,0.0004428569999999077,22.896318435668945,1.0967845916748047,0.0005245208740234375
19.99999999999999,0.8460939999999999,0.0003874999999999851,17.8929386138916,0.623063325881958,0.0004767179489135742
19.99999999999999,0.7520829999999998,0.0003444439999999993,25.13143539428711,0.9313530921936035,0.00027108192443847656
19.99999999999999,0.6768749999999999,0.00031000000000003247,16.95293617248535,0.5161981582641602,0.0004417896270751953
16.66669999999999,6.627000000000001,0.0037199999999999456,16.799623489379883,6.845946788787842,0.0038918256759643555
16.66669999999999,3.3134999999999994,0.0018599999999999728,22.475990295410156,3.7624292373657227,0.002154111862182617
16.66669999999999,2.209,0.0012399999999999078,15.664329528808594,1.9550440311431885,0.0011074542999267578
16.66669999999999,1.6567499999999993,0.0009300000000000974,16.318098068237305,1.6080679893493652,0.0008183717727661133
16.66669999999999,1.3254000000000001,0.0007440000000000779,16.216800689697266,1.3712949752807617,0.0006809234619140625
16.66669999999999,1.1044999999999998,0.0006200000000000649,18.68331527709961,1.0111465454101562,0.0005919933319091797
16.66669999999999,0.946714,0.0005314290000000277,18.62997817993164,0.816133975982666,0.0004442930221557617
16.66669999999999,0.8283749999999999,0.0004649999999999377,16.4088134765625,0.684118390083313,0.00047409534454345703
16.66669999999999,0.7363330000000001,0.0004133330000000157,17.168806076049805,0.5637352466583252,0.0004105567932128906
16.66669999999999,0.6627000000000001,0.00037200000000003897,20.902990341186523,0.7072392702102661,0.0003832578659057617
14.285699999999995,6.48675,0.0043400000000000105,14.34890079498291,5.610838413238525,0.0043792724609375
14.285699999999995,3.24338,0.0021700000000000053,21.672733306884766,3.128868579864502,0.0015996694564819336
14.285699999999995,2.16225,0.0014466699999999832,15.074897766113281,2.412806510925293,0.0016487836837768555
14.285699999999995,1.62169,0.0010850000000000026,15.340045928955078,1.664839267730713,0.0010178089141845703
14.285699999999995,1.2973499999999998,0.0008680000000000909,13.767923355102539,1.202310562133789,0.0009450912475585938
14.285699999999995,1.08113,0.0007233330000000482,14.313863754272461,0.9673877954483032,0.0007604360580444336
14.285699999999995,0.926679,0.0006200000000000649,13.79406452178955,0.8068634271621704,0.0006699562072753906
14.285699999999995,0.8108439999999999,0.0005424999999998903,15.144163131713867,0.7289031744003296,0.0005658864974975586
14.285699999999995,0.72075,0.0004822220000000321,15.323232650756836,0.5948657989501953,0.0004780292510986328
14.285699999999995,0.6486749999999999,0.00043400000000004546,14.929689407348633,0.4608149528503418,0.0004502534866333008
12.5,6.348,0.0049600000000000755,11.849892616271973,5.341548919677734,0.005250811576843262
12.5,3.1739999999999995,0.0024800000000000377,17.00531768798828,4.318313121795654,0.0031305551528930664
12.5,2.1160000000000005,0.0016533299999998974,8.600618362426758,2.2560555934906006,0.001463770866394043
12.5,1.5869999999999997,0.0012399999999999078,17.38128089904785,1.6228601932525635,0.0010224580764770508
12.5,1.2696,0.000992000000000104,11.171656608581543,0.9616109132766724,0.0010449886322021484
12.5,1.0579999999999998,0.0008266669999998921,11.578239440917969,0.8410649299621582,0.0007878541946411133
12.5,0.906857,0.0007085710000001022,13.217926025390625,0.8543583154678345,0.000662684440612793
12.5,0.7934999999999999,0.0006200000000000649,12.266095161437988,0.7358258962631226,0.0007604360580444336
12.5,0.705333,0.0005511110000000485,12.688678741455078,0.6161810159683228,0.0007475614547729492
12.5,0.6348,0.000496000000000052,13.35732364654541,0.5860097408294678,0.0005540847778320312
11.111100000000002,6.21075,0.005579999999999918,10.79349422454834,4.850458145141602,0.005272865295410156
11.111100000000002,3.1053799999999994,0.00279000000000007,10.827730178833008,3.879478931427002,0.004504561424255371
11.111100000000002,2.0702500000000006,0.0018599999999999728,11.666479110717773,2.4093215465545654,0.0017664432525634766
11.111100000000002,1.5526900000000001,0.001395000000000035,14.254414558410645,1.5837838649749756,0.0017892122268676758
11.111100000000002,1.24215,0.0011159999999998949,11.221575736999512,1.3340675830841064,0.001078963279724121
11.111100000000002,1.03513,0.0009300000000000974,11.778639793395996,1.053084135055542,0.0010107755661010742
11.111100000000002,0.8872499999999999,0.0007971430000000002,11.898935317993164,0.8518596887588501,0.0008291006088256836
11.111100000000002,0.7763439999999999,0.0006975000000000176,11.065017700195312,0.6114113330841064,0.0006748437881469727
11.111100000000002,0.690083,0.0006200000000000649,11.117067337036133,0.6178507804870605,0.0006874799728393555
11.111100000000002,0.621075,0.0005580000000000584,12.915180206298828,0.6352143287658691,0.0005521774291992188
10.000000000000002,6.075000000000001,0.006199999999999983,11.881366729736328,7.444208145141602,0.006966114044189453
10.000000000000002,3.0374999999999996,0.0031000000000001027,11.217907905578613,3.8297290802001953,0.004396319389343262
10.000000000000002,2.0250000000000004,0.002066670000000048,10.358851432800293,1.816272497177124,0.0016837120056152344
10.000000000000002,1.5187499999999998,0.0015499999999999403,9.098539352416992,1.431474208831787,0.0015642642974853516
10.000000000000002,1.2149999999999999,0.0012399999999999078,13.23876953125,1.1292967796325684,0.0010758638381958008
10.000000000000002,1.0125000000000006,0.0010333300000000545,18.404247283935547,2.949178457260132,0.0016891956329345703
10.000000000000002,0.8678569999999999,0.0008857140000000374,11.55031967163086,1.0108466148376465,0.0011222362518310547
10.000000000000002,0.7593749999999999,0.0007749999999999702,10.53938102722168,0.7246628999710083,0.0008103847503662109
10.000000000000002,0.675,0.0006888890000000814,10.11332893371582,0.7193366289138794,0.0008301734924316406
10.000000000000002,0.6074999999999999,0.0006200000000000649,11.679631233215332,0.5322552919387817,0.0006400346755981445
